student,id,color,defect,total.number
daceyij,1,BR,N,57
daceyij,2,O,N,57
daceyij,3,BL,N,57
daceyij,4,G,L,57
daceyij,5,BL,N,57
daceyij,6,O,N,57
daceyij,7,Y,C,57
daceyij,8,BL,N,57
daceyij,9,Y,C,57
daceyij,10,R,N,57
daceyij,11,O,N,57
daceyij,12,BL,N,57
daceyij,13,O,N,57
daceyij,14,O,N,57
daceyij,15,R,L,57
daceyij,16,O,N,57
daceyij,17,BL,N,57
daceyij,18,BR,C,57
daceyij,19,R,C,57
daceyij,20,G,C,57
daceyij,21,O,N,57
daceyij,22,BR,N,57
daceyij,23,BL,N,57
daceyij,24,O,N,57
daceyij,25,BL,C,57
daceyij,26,O,N,57
daceyij,27,G,N,57
daceyij,28,O,N,57
daceyij,29,O,N,57
daceyij,30,G,N,57
daceyij,31,BL,N,57
daceyij,32,BL,N,57
daceyij,33,R,N,57
daceyij,34,Y,L,57
daceyij,35,BL,N,57
daceyij,36,BR,N,57
daceyij,37,O,N,57
daceyij,38,O,N,57
daceyij,39,BL,N,57
daceyij,40,BL,N,57
daceyij,41,O,N,57
daceyij,42,G,N,57
daceyij,43,O,N,57
daceyij,44,BL,N,57
daceyij,45,BL,N,57
daceyij,46,BL,N,57
daceyij,47,BL,N,57
daceyij,48,BR,N,57
daceyij,49,G,N,57
daceyij,50,BR,C,57
daceyij,51,BR,L,57
daceyij,52,BL,C,57
daceyij,53,BL,N,57
daceyij,54,G,N,57
daceyij,55,BR,N,57
daceyij,56,BR,N,57
daceyij,57,BR,N,57
marti7em,1,R,N,55
marti7em,2,BR,N,55
marti7em,3,G,N,55
marti7em,4,G,L,55
marti7em,5,G,L,55
marti7em,6,G,N,55
marti7em,7,G,N,55
marti7em,8,G,L,55
marti7em,9,BR,L,55
marti7em,10,O,L,55
marti7em,11,Y,N,55
marti7em,12,BL,L,55
marti7em,13,O,L,55
marti7em,14,R,L,55
marti7em,15,R,N,55
marti7em,16,G,N,55
marti7em,17,BL,N,55
marti7em,18,BL,L,55
marti7em,19,O,L,55
marti7em,20,BR,N,55
marti7em,21,R,L,55
marti7em,22,Y,L,55
marti7em,23,Y,N,55
marti7em,24,BR,N,55
marti7em,25,O,N,55
marti7em,26,O,L,55
marti7em,27,R,N,55
marti7em,28,R,N,55
marti7em,29,R,N,55
marti7em,30,R,L,55
marti7em,31,O,L,55
marti7em,32,R,N,55
marti7em,33,BR,N,55
marti7em,34,O,N,55
marti7em,35,G,L,55
marti7em,36,G,N,55
marti7em,37,BL,N,55
marti7em,38,O,N,55
marti7em,39,BL,N,55
marti7em,40,BR,N,55
marti7em,41,R,N,55
marti7em,42,O,N,55
marti7em,43,O,L,55
marti7em,44,BR,L,55
marti7em,45,R,N,55
marti7em,46,O,N,55
marti7em,47,Y,L,55
marti7em,48,BL,N,55
marti7em,49,R,N,55
marti7em,50,BR,N,55
marti7em,51,BR,L,55
marti7em,52,Y,N,55
marti7em,53,O,L,55
marti7em,54,O,N,55
marti7em,55,Y,L,55
whitehms,1,BL,L,54
whitehms,2,R,L,54
whitehms,3,Y,L,54
whitehms,4,Y,N,54
whitehms,5,BR,N,54
whitehms,6,G,L,54
whitehms,7,O,N,54
whitehms,8,R,N,54
whitehms,9,BR,N,54
whitehms,10,G,N,54
whitehms,11,R,L,54
whitehms,12,Y,N,54
whitehms,13,O,L,54
whitehms,14,R,C,54
whitehms,15,G,N,54
whitehms,16,O,N,54
whitehms,17,O,N,54
whitehms,18,R,L,54
whitehms,19,BL,N,54
whitehms,20,BL,N,54
whitehms,21,Y,N,54
whitehms,22,R,L,54
whitehms,23,Y,N,54
whitehms,24,R,N,54
whitehms,25,O,N,54
whitehms,26,BR,N,54
whitehms,27,O,N,54
whitehms,28,O,L,54
whitehms,29,G,N,54
whitehms,30,O,L,54
whitehms,31,G,N,54
whitehms,32,R,N,54
whitehms,33,Y,N,54
whitehms,34,Y,L,54
whitehms,35,R,M,54
whitehms,36,Y,N,54
whitehms,37,O,C,54
whitehms,38,R,N,54
whitehms,39,G,N,54
whitehms,40,Y,N,54
whitehms,41,G,L,54
whitehms,42,G,N,54
whitehms,43,G,N,54
whitehms,44,Y,N,54
whitehms,45,G,L,54
whitehms,46,O,L,54
whitehms,47,R,N,54
whitehms,48,G,L,54
whitehms,49,R,L,54
whitehms,50,R,N,54
whitehms,51,R,L,54
whitehms,52,Y,N,54
whitehms,53,O,N,54
whitehms,54,BL,N,54
straubke,1,Y,N,54
straubke,2,O,N,54
straubke,3,BR,N,54
straubke,4,Y,N,54
straubke,5,G,M,54
straubke,6,G,N,54
straubke,7,NA,N,54
straubke,8,O,N,54
straubke,9,BL,L,54
straubke,10,O,N,54
straubke,11,G,N,54
straubke,12,G,C,54
straubke,13,O,N,54
straubke,14,R,N,54
straubke,15,G,C,54
straubke,16,G,N,54
straubke,17,BL,N,54
straubke,18,BR,N,54
straubke,19,R,N,54
straubke,20,BL,N,54
straubke,21,Y,L,54
straubke,22,BR,N,54
straubke,23,BR,N,54
straubke,24,Y,N,54
straubke,25,BR,N,54
straubke,26,R,N,54
straubke,27,Y,L,54
straubke,28,G,N,54
straubke,29,BL,N,54
straubke,30,Y,N,54
straubke,31,G,N,54
straubke,32,R,L,54
straubke,33,Y,N,54
straubke,34,O,N,54
straubke,35,BL,N,54
straubke,36,R,N,54
straubke,37,Y,N,54
straubke,38,O,N,54
straubke,39,BL,N,54
straubke,40,G,N,54
straubke,41,BL,N,54
straubke,42,BR,N,54
straubke,43,G,N,54
straubke,44,Y,N,54
straubke,45,BL,C,54
straubke,46,Y,N,54
straubke,47,G,N,54
straubke,48,R,N,54
straubke,49,R,N,54
straubke,50,R,N,54
straubke,51,Y,C,54
straubke,52,Y,N,54
straubke,53,O,L,54
straubke,54,BL,N,54
Smith7cj,1,O,N,53
Smith7cj,2,BR,N,53
Smith7cj,3,BR,N,53
Smith7cj,4,BL,L,53
Smith7cj,5,G,L,53
Smith7cj,6,O,N,53
Smith7cj,7,BR,L,53
Smith7cj,8,BL,N,53
Smith7cj,9,R,N,53
Smith7cj,10,Y,N,53
Smith7cj,11,G,L,53
Smith7cj,12,BL,L,53
Smith7cj,13,BL,N,53
Smith7cj,14,Y,N,53
Smith7cj,15,G,N,53
Smith7cj,16,BR,N,53
Smith7cj,17,O,L,53
Smith7cj,18,BL,L,53
Smith7cj,19,G,L,53
Smith7cj,20,O,L,53
Smith7cj,21,O,L,53
Smith7cj,22,BL,L,53
Smith7cj,23,Y,L,53
Smith7cj,24,R,N,53
Smith7cj,25,BR,N,53
Smith7cj,26,O,L,53
Smith7cj,27,BL,L,53
Smith7cj,28,O,L,53
Smith7cj,29,G,L,53
Smith7cj,30,Y,N,53
Smith7cj,31,G,N,53
Smith7cj,32,BL,N,53
Smith7cj,33,BR,N,53
Smith7cj,34,BR,L,53
Smith7cj,35,G,L,53
Smith7cj,36,BL,L,53
Smith7cj,37,BL,L,53
Smith7cj,38,BR,L,53
Smith7cj,39,BL,N,53
Smith7cj,40,O,N,53
Smith7cj,41,O,L,53
Smith7cj,42,BL,L,53
Smith7cj,43,G,N,53
Smith7cj,44,Y,N,53
Smith7cj,45,G,L,53
Smith7cj,46,R,N,53
Smith7cj,47,G,L,53
Smith7cj,48,BR,L,53
Smith7cj,49,Y,N,53
Smith7cj,50,G,N,53
Smith7cj,51,R,N,53
Smith7cj,52,G,N,53
Smith7cj,53,R,L,53
saundecr,1,BL,N,56
saundecr,2,O,L,56
saundecr,3,O,N,56
saundecr,4,BR,N,56
saundecr,5,Y,N,56
saundecr,6,BR,L,56
saundecr,7,G,N,56
saundecr,8,G,L,56
saundecr,9,O,L,56
saundecr,10,BL,N,56
saundecr,11,R,M,56
saundecr,12,R,L,56
saundecr,13,Y,N,56
saundecr,14,BR,N,56
saundecr,15,O,N,56
saundecr,16,BR,N,56
saundecr,17,BL,N,56
saundecr,18,BL,N,56
saundecr,19,Y,N,56
saundecr,20,Y,M,56
saundecr,21,G,L,56
saundecr,22,BL,C,56
saundecr,23,BL,L,56
saundecr,24,BR,L,56
saundecr,25,BL,N,56
saundecr,26,G,N,56
saundecr,27,O,N,56
saundecr,28,BR,N,56
saundecr,29,BR,N,56
saundecr,30,Y,N,56
saundecr,31,BR,L,56
saundecr,32,BL,N,56
saundecr,33,O,L,56
saundecr,34,R,N,56
saundecr,35,BR,L,56
saundecr,36,Y,N,56
saundecr,37,G,L,56
saundecr,38,R,N,56
saundecr,39,G,L,56
saundecr,40,BL,L,56
saundecr,41,G,L,56
saundecr,42,R,L,56
saundecr,43,O,N,56
saundecr,44,BR,L,56
saundecr,45,R,M,56
saundecr,46,BR,L,56
saundecr,47,BR,L,56
saundecr,48,Y,L,56
saundecr,49,Y,L,56
saundecr,50,R,L,56
saundecr,51,BL,L,56
saundecr,52,Y,L,56
saundecr,53,BR,N,56
saundecr,54,Y,N,56
saundecr,55,R,L,56
saundecr,56,O,L,56
grossaa,1,R,N,55
grossaa,2,O,L,55
grossaa,3,BL,L,55
grossaa,4,BL,L,55
grossaa,5,BL,N,55
grossaa,6,Y,L,55
grossaa,7,O,N,55
grossaa,8,G,N,55
grossaa,9,G,L,55
grossaa,10,BR,N,55
grossaa,11,Y,N,55
grossaa,12,BR,L,55
grossaa,13,R,L,55
grossaa,14,Y,N,55
grossaa,15,O,N,55
grossaa,16,Y,N,55
grossaa,17,R,L,55
grossaa,18,BR,N,55
grossaa,19,BR,N,55
grossaa,20,BR,C,55
grossaa,21,BL,L,55
grossaa,22,BL,N,55
grossaa,23,BR,L,55
grossaa,24,O,N,55
grossaa,25,G,L,55
grossaa,26,O,N,55
grossaa,27,Y,L,55
grossaa,28,Y,L,55
grossaa,29,R,L,55
grossaa,30,O,N,55
grossaa,31,G,L,55
grossaa,32,G,L,55
grossaa,33,BR,N,55
grossaa,34,Y,L,55
grossaa,35,R,N,55
grossaa,36,Y,N,55
grossaa,37,BL,N,55
grossaa,38,R,N,55
grossaa,39,R,N,55
grossaa,40,Y,L,55
grossaa,41,BL,C,55
grossaa,42,G,L,55
grossaa,43,R,N,55
grossaa,44,R,L,55
grossaa,45,BR,N,55
grossaa,46,G,L,55
grossaa,47,G,L,55
grossaa,48,BL,L,55
grossaa,49,BL,N,55
grossaa,50,R,L,55
grossaa,51,R,N,55
grossaa,52,R,N,55
grossaa,53,Y,L,55
grossaa,54,Y,N,55
grossaa,55,Y,N,55
stricksa,1,G,N,55
stricksa,2,G,L,55
stricksa,3,BR,N,55
stricksa,4,BL,L,55
stricksa,5,O,N,55
stricksa,6,BL,L,55
stricksa,7,BR,L,55
stricksa,8,G,N,55
stricksa,9,G,L,55
stricksa,10,BR,N,55
stricksa,11,BL,L,55
stricksa,12,O,N,55
stricksa,13,BL,N,55
stricksa,14,G,N,55
stricksa,15,O,L,55
stricksa,16,G,N,55
stricksa,17,O,L,55
stricksa,18,BL,N,55
stricksa,19,BL,L,55
stricksa,20,BL,L,55
stricksa,21,BL,L,55
stricksa,22,G,N,55
stricksa,23,O,N,55
stricksa,24,O,N,55
stricksa,25,BL,N,55
stricksa,26,BL,N,55
stricksa,27,BL,N,55
stricksa,28,O,N,55
stricksa,29,O,N,55
stricksa,30,BR,N,55
stricksa,31,O,L,55
stricksa,32,G,L,55
stricksa,33,BL,N,55
stricksa,34,BL,N,55
stricksa,35,O,L,55
stricksa,36,BL,L,55
stricksa,37,Y,L,55
stricksa,38,Y,L,55
stricksa,39,R,N,55
stricksa,40,BL,N,55
stricksa,41,O,L,55
stricksa,42,G,N,55
stricksa,43,BL,L,55
stricksa,44,G,N,55
stricksa,45,Y,N,55
stricksa,46,BR,L,55
stricksa,47,BR,N,55
stricksa,48,BL,N,55
stricksa,49,Y,N,55
stricksa,50,Y,L,55
stricksa,51,R,N,55
stricksa,52,O,N,55
stricksa,53,G,N,55
stricksa,54,O,L,55
stricksa,55,G,N,55
burnske,1,O,N,58
burnske,2,O,N,58
burnske,3,Y,L,58
burnske,4,G,N,58
burnske,5,G,N,58
burnske,6,BR,N,58
burnske,7,O,N,58
burnske,8,G,N,58
burnske,9,R,L,58
burnske,10,G,L,58
burnske,11,BR,N,58
burnske,12,R,N,58
burnske,13,BL,C,58
burnske,14,G,L,58
burnske,15,R,N,58
burnske,16,R,N,58
burnske,17,G,L,58
burnske,18,O,L,58
burnske,19,O,N,58
burnske,20,Y,L,58
burnske,21,O,N,58
burnske,22,Y,N,58
burnske,23,Y,L,58
burnske,24,R,L,58
burnske,25,R,N,58
burnske,26,BR,N,58
burnske,27,O,L,58
burnske,28,BL,N,58
burnske,29,O,N,58
burnske,30,O,N,58
burnske,31,BL,L,58
burnske,32,BL,L,58
burnske,33,BL,N,58
burnske,34,R,N,58
burnske,35,R,L,58
burnske,36,G,M,58
burnske,37,BL,N,58
burnske,38,BR,N,58
burnske,39,G,N,58
burnske,40,G,L,58
burnske,41,G,N,58
burnske,42,BL,N,58
burnske,43,O,N,58
burnske,44,R,N,58
burnske,45,BR,N,58
burnske,46,R,N,58
burnske,47,R,L,58
burnske,48,G,N,58
burnske,49,O,L,58
burnske,50,R,L,58
burnske,51,O,N,58
burnske,52,O,M,58
burnske,53,R,N,58
burnske,54,BL,N,58
burnske,55,R,N,58
burnske,56,BL,N,58
burnske,57,BL,N,58
burnske,58,O,N,58
hotardat,1,Y,N,53
hotardat,2,R,N,53
hotardat,3,BL,L,53
hotardat,4,R,N,53
hotardat,5,O,N,53
hotardat,6,BL,N,53
hotardat,7,Y,L,53
hotardat,8,G,N,53
hotardat,9,O,N,53
hotardat,10,O,L,53
hotardat,11,BL,L,53
hotardat,12,BL,L,53
hotardat,13,Y,N,53
hotardat,14,O,N,53
hotardat,15,R,N,53
hotardat,16,BL,L,53
hotardat,17,R,M,53
hotardat,18,O,M,53
hotardat,19,G,N,53
hotardat,20,BR,C,53
hotardat,21,G,N,53
hotardat,22,R,L,53
hotardat,23,R,N,53
hotardat,24,BL,L,53
hotardat,25,BR,L,53
hotardat,26,R,N,53
hotardat,27,O,L,53
hotardat,28,BL,L,53
hotardat,29,O,N,53
hotardat,30,O,L,53
hotardat,31,Y,L,53
hotardat,32,R,M,53
hotardat,33,O,L,53
hotardat,34,BL,L,53
hotardat,35,G,C,53
hotardat,36,Y,L,53
hotardat,37,BL,N,53
hotardat,38,O,N,53
hotardat,39,G,N,53
hotardat,40,Y,L,53
hotardat,41,G,L,53
hotardat,42,R,L,53
hotardat,43,O,N,53
hotardat,44,Y,L,53
hotardat,45,Y,N,53
hotardat,46,O,N,53
hotardat,47,G,N,53
hotardat,48,R,L,53
hotardat,49,R,L,53
hotardat,50,R,N,53
hotardat,51,O,N,53
hotardat,52,Y,L,53
hotardat,53,O,N,53
churchcr,1,G,N,59
churchcr,2,Y,N,59
churchcr,3,Y,L,59
churchcr,4,G,L,59
churchcr,5,BL,N,59
churchcr,6,BL,N,59
churchcr,7,Y,N,59
churchcr,8,Y,M,59
churchcr,9,BL,M,59
churchcr,10,Y,N,59
churchcr,11,BL,N,59
churchcr,12,Y,L,59
churchcr,13,BL,N,59
churchcr,14,Y,N,59
churchcr,15,G,N,59
churchcr,16,R,L,59
churchcr,17,R,C,59
churchcr,18,G,L,59
churchcr,19,G,N,59
churchcr,20,G,N,59
churchcr,21,BR,N,59
churchcr,22,BL,N,59
churchcr,23,BR,N,59
churchcr,24,O,N,59
churchcr,25,BR,N,59
churchcr,26,BR,N,59
churchcr,27,Y,L,59
churchcr,28,G,L,59
churchcr,29,R,N,59
churchcr,30,BR,N,59
churchcr,31,BL,N,59
churchcr,32,G,N,59
churchcr,33,R,C,59
churchcr,34,O,L,59
churchcr,35,BL,L,59
churchcr,36,Y,L,59
churchcr,37,R,L,59
churchcr,38,Y,L,59
churchcr,39,O,N,59
churchcr,40,Y,N,59
churchcr,41,BL,L,59
churchcr,42,Y,M,59
churchcr,43,BL,L,59
churchcr,44,Y,N,59
churchcr,45,R,L,59
churchcr,46,O,M,59
churchcr,47,Y,N,59
churchcr,48,BR,N,59
churchcr,49,BR,N,59
churchcr,50,O,N,59
churchcr,51,O,C,59
churchcr,52,G,N,59
churchcr,53,R,N,59
churchcr,54,BR,N,59
churchcr,55,O,N,59
churchcr,56,BL,N,59
churchcr,57,BL,N,59
churchcr,58,O,C,59
churchcr,59,G,N,59
ruthe2km,1,BL,N,51
ruthe2km,2,O,N,51
ruthe2km,3,R,M,51
ruthe2km,4,Y,M,51
ruthe2km,5,BR,N,51
ruthe2km,6,G,N,51
ruthe2km,7,Y,N,51
ruthe2km,8,BL,N,51
ruthe2km,9,O,L,51
ruthe2km,10,O,N,51
ruthe2km,11,BR,L,51
ruthe2km,12,Y,N,51
ruthe2km,13,BR,N,51
ruthe2km,14,O,N,51
ruthe2km,15,G,N,51
ruthe2km,16,G,M,51
ruthe2km,17,R,L,51
ruthe2km,18,O,L,51
ruthe2km,19,BL,N,51
ruthe2km,20,G,N,51
ruthe2km,21,G,N,51
ruthe2km,22,BL,N,51
ruthe2km,23,BL,N,51
ruthe2km,24,R,L,51
ruthe2km,25,O,N,51
ruthe2km,26,R,C,51
ruthe2km,27,G,N,51
ruthe2km,28,BL,N,51
ruthe2km,29,O,L,51
ruthe2km,30,G,N,51
ruthe2km,31,O,L,51
ruthe2km,32,Y,N,51
ruthe2km,33,Y,L,51
ruthe2km,34,BR,L,51
ruthe2km,35,BL,N,51
ruthe2km,36,O,M,51
ruthe2km,37,G,N,51
ruthe2km,38,Y,N,51
ruthe2km,39,BL,N,51
ruthe2km,40,O,L,51
ruthe2km,41,G,N,51
ruthe2km,42,Y,N,51
ruthe2km,43,R,M,51
ruthe2km,44,BR,N,51
ruthe2km,45,BR,L,51
ruthe2km,46,R,N,51
ruthe2km,47,G,N,51
ruthe2km,48,BR,N,51
ruthe2km,49,O,L,51
ruthe2km,50,G,L,51
ruthe2km,51,O,L,51
ryanjowp,1,BL,L,56
ryanjowp,2,Y,N,56
ryanjowp,3,Y,N,56
ryanjowp,4,O,N,56
ryanjowp,5,BL,L,56
ryanjowp,6,O,N,56
ryanjowp,7,R,N,56
ryanjowp,8,Y,L,56
ryanjowp,9,R,M,56
ryanjowp,10,O,C,56
ryanjowp,11,G,L,56
ryanjowp,12,R,N,56
ryanjowp,13,O,N,56
ryanjowp,14,Y,L,56
ryanjowp,15,Y,N,56
ryanjowp,16,BL,L,56
ryanjowp,17,Y,L,56
ryanjowp,18,G,N,56
ryanjowp,19,Y,N,56
ryanjowp,20,R,M,56
ryanjowp,21,Y,M,56
ryanjowp,22,Y,N,56
ryanjowp,23,O,N,56
ryanjowp,24,Y,L,56
ryanjowp,25,Y,L,56
ryanjowp,26,G,N,56
ryanjowp,27,Y,C,56
ryanjowp,28,R,N,56
ryanjowp,29,BL,L,56
ryanjowp,30,G,M,56
ryanjowp,31,Y,L,56
ryanjowp,32,Y,C,56
ryanjowp,33,R,N,56
ryanjowp,34,BR,N,56
ryanjowp,35,R,L,56
ryanjowp,36,R,N,56
ryanjowp,37,O,N,56
ryanjowp,38,R,N,56
ryanjowp,39,R,C,56
ryanjowp,40,BL,L,56
ryanjowp,41,G,N,56
ryanjowp,42,G,L,56
ryanjowp,43,G,L,56
ryanjowp,44,R,L,56
ryanjowp,45,G,N,56
ryanjowp,46,G,N,56
ryanjowp,47,O,L,56
ryanjowp,48,Y,L,56
ryanjowp,49,BL,L,56
ryanjowp,50,O,L,56
ryanjowp,51,G,L,56
ryanjowp,52,BL,L,56
ryanjowp,53,R,N,56
ryanjowp,54,G,L,56
ryanjowp,55,G,N,56
ryanjowp,56,G,C,56
rober2rl,1,R,N,55
rober2rl,2,R,N,55
rober2rl,3,Y,N,55
rober2rl,4,Y,C,55
rober2rl,5,G,C,55
rober2rl,6,Y,N,55
rober2rl,7,BL,L,55
rober2rl,8,O,C,55
rober2rl,9,G,L,55
rober2rl,10,O,N,55
rober2rl,11,G,N,55
rober2rl,12,Y,N,55
rober2rl,13,Y,M,55
rober2rl,14,R,C,55
rober2rl,15,R,L,55
rober2rl,16,R,N,55
rober2rl,17,R,N,55
rober2rl,18,O,C,55
rober2rl,19,R,L,55
rober2rl,20,R,M,55
rober2rl,21,G,L,55
rober2rl,22,G,N,55
rober2rl,23,BR,N,55
rober2rl,24,Y,N,55
rober2rl,25,BL,N,55
rober2rl,26,R,N,55
rober2rl,27,G,L,55
rober2rl,28,O,N,55
rober2rl,29,O,L,55
rober2rl,30,BL,N,55
rober2rl,31,R,N,55
rober2rl,32,Y,M,55
rober2rl,33,BR,N,55
rober2rl,34,G,N,55
rober2rl,35,BL,L,55
rober2rl,36,Y,M,55
rober2rl,37,R,N,55
rober2rl,38,R,N,55
rober2rl,39,BR,N,55
rober2rl,40,BR,M,55
rober2rl,41,G,N,55
rober2rl,42,R,N,55
rober2rl,43,G,N,55
rober2rl,44,Y,N,55
rober2rl,45,O,N,55
rober2rl,46,BL,N,55
rober2rl,47,G,N,55
rober2rl,48,G,N,55
rober2rl,49,Y,N,55
rober2rl,50,O,N,55
rober2rl,51,BL,N,55
rober2rl,52,BR,N,55
rober2rl,53,BL,N,55
rober2rl,54,G,M,55
rober2rl,55,Y,N,55
tremlak,1,G,N,54
tremlak,2,BL,L,54
tremlak,3,G,N,54
tremlak,4,O,N,54
tremlak,5,BR,M,54
tremlak,6,O,L,54
tremlak,7,G,L,54
tremlak,8,R,N,54
tremlak,9,BL,C,54
tremlak,10,G,N,54
tremlak,11,O,L,54
tremlak,12,BL,L,54
tremlak,13,BR,N,54
tremlak,14,R,N,54
tremlak,15,O,N,54
tremlak,16,G,N,54
tremlak,17,O,L,54
tremlak,18,R,L,54
tremlak,19,R,N,54
tremlak,20,R,L,54
tremlak,21,G,N,54
tremlak,22,Y,N,54
tremlak,23,G,N,54
tremlak,24,BR,L,54
tremlak,25,O,N,54
tremlak,26,G,N,54
tremlak,27,BL,L,54
tremlak,28,BL,L,54
tremlak,29,Y,C,54
tremlak,30,G,N,54
tremlak,31,Y,N,54
tremlak,32,BR,N,54
tremlak,33,R,L,54
tremlak,34,BR,N,54
tremlak,35,R,N,54
tremlak,36,BL,L,54
tremlak,37,R,L,54
tremlak,38,BR,N,54
tremlak,39,G,L,54
tremlak,40,BL,L,54
tremlak,41,G,N,54
tremlak,42,G,C,54
tremlak,43,G,L,54
tremlak,44,Y,N,54
tremlak,45,BR,M,54
tremlak,46,G,N,54
tremlak,47,G,N,54
tremlak,48,BR,N,54
tremlak,49,BL,L,54
tremlak,50,BR,N,54
tremlak,51,O,L,54
tremlak,52,BL,L,54
tremlak,53,BL,N,54
tremlak,54,BL,N,54
quaverc,1,BR,N,54
quaverc,2,G,L,54
quaverc,3,Y,N,54
quaverc,4,BL,N,54
quaverc,5,BL,N,54
quaverc,6,Y,L,54
quaverc,7,Y,L,54
quaverc,8,Y,N,54
quaverc,9,O,N,54
quaverc,10,R,C,54
quaverc,11,G,N,54
quaverc,12,BL,L,54
quaverc,13,BL,N,54
quaverc,14,BL,L,54
quaverc,15,O,M,54
quaverc,16,O,N,54
quaverc,17,BR,C,54
quaverc,18,BR,N,54
quaverc,19,G,C,54
quaverc,20,G,N,54
quaverc,21,G,L,54
quaverc,22,BL,N,54
quaverc,23,BL,C,54
quaverc,24,Y,L,54
quaverc,25,BR,L,54
quaverc,26,BR,N,54
quaverc,27,BL,N,54
quaverc,28,O,N,54
quaverc,29,BR,N,54
quaverc,30,Y,L,54
quaverc,31,BL,N,54
quaverc,32,G,N,54
quaverc,33,G,C,54
quaverc,34,Y,N,54
quaverc,35,Y,N,54
quaverc,36,Y,L,54
quaverc,37,R,N,54
quaverc,38,R,N,54
quaverc,39,O,M,54
quaverc,40,BL,N,54
quaverc,41,BR,N,54
quaverc,42,BR,N,54
quaverc,43,R,C,54
quaverc,44,Y,N,54
quaverc,45,BR,M,54
quaverc,46,Y,N,54
quaverc,47,BL,L,54
quaverc,48,BL,N,54
quaverc,49,O,M,54
quaverc,50,O,N,54
quaverc,51,Y,M,54
quaverc,52,Y,L,54
quaverc,53,Y,N,54
quaverc,54,G,M,54
king2tr,1,BL,L,55
king2tr,2,BR,L,55
king2tr,3,R,N,55
king2tr,4,G,N,55
king2tr,5,Y,N,55
king2tr,6,BL,N,55
king2tr,7,G,N,55
king2tr,8,BL,N,55
king2tr,9,BL,N,55
king2tr,10,BR,N,55
king2tr,11,BL,N,55
king2tr,12,BR,N,55
king2tr,13,G,N,55
king2tr,14,R,N,55
king2tr,15,BL,N,55
king2tr,16,BL,N,55
king2tr,17,R,N,55
king2tr,18,O,N,55
king2tr,19,O,N,55
king2tr,20,BL,N,55
king2tr,21,O,N,55
king2tr,22,BL,N,55
king2tr,23,BL,L,55
king2tr,24,R,N,55
king2tr,25,Y,N,55
king2tr,26,O,N,55
king2tr,27,BL,N,55
king2tr,28,G,N,55
king2tr,29,O,N,55
king2tr,30,BL,N,55
king2tr,31,O,L,55
king2tr,32,G,N,55
king2tr,33,BL,N,55
king2tr,34,Y,L,55
king2tr,35,BL,L,55
king2tr,36,O,N,55
king2tr,37,BR,N,55
king2tr,38,O,L,55
king2tr,39,R,N,55
king2tr,40,BL,N,55
king2tr,41,O,N,55
king2tr,42,BL,N,55
king2tr,43,BL,N,55
king2tr,44,BL,N,55
king2tr,45,G,N,55
king2tr,45,O,N,55
king2tr,47,BL,N,55
king2tr,48,G,N,55
king2tr,49,G,N,55
king2tr,50,O,N,55
king2tr,51,G,L,55
king2tr,52,BL,N,55
king2tr,53,Y,N,55
king2tr,54,G,N,55
king2tr,55,BL,N,55
berryzr,1,R,N,57
berryzr,2,G,L,57
berryzr,3,G,L,57
berryzr,4,R,N,57
berryzr,5,BL,L,57
berryzr,6,BR,N,57
berryzr,7,Y,N,57
berryzr,8,BL,L,57
berryzr,9,BR,N,57
berryzr,10,BL,L,57
berryzr,11,O,L,57
berryzr,12,R,L,57
berryzr,13,G,N,57
berryzr,14,Y,N,57
berryzr,15,R,N,57
berryzr,16,Y,L,57
berryzr,17,R,N,57
berryzr,18,BL,N,57
berryzr,19,G,N,57
berryzr,20,O,N,57
berryzr,21,BR,L,57
berryzr,22,R,N,57
berryzr,23,O,L,57
berryzr,24,Y,N,57
berryzr,25,O,N,57
berryzr,26,BL,N,57
berryzr,27,R,N,57
berryzr,28,Y,L,57
berryzr,29,BL,L,57
berryzr,30,R,N,57
berryzr,31,G,N,57
berryzr,32,O,N,57
berryzr,33,G,L,57
berryzr,34,G,L,57
berryzr,35,BR,L,57
berryzr,36,BL,N,57
berryzr,37,BR,N,57
berryzr,38,BR,N,57
berryzr,39,Y,N,57
berryzr,40,BR,L,57
berryzr,41,G,N,57
berryzr,42,G,N,57
berryzr,43,O,L,57
berryzr,44,Y,N,57
berryzr,45,G,N,57
berryzr,46,BL,L,57
berryzr,47,O,N,57
berryzr,48,BR,L,57
berryzr,49,R,L,57
berryzr,50,G,N,57
berryzr,51,Y,N,57
berryzr,52,Y,N,57
berryzr,53,Y,L,57
berryzr,54,Y,N,57
berryzr,55,R,N,57
berryzr,56,Y,N,57
berryzr,57,Y,N,57
palmerzk,1,Y,N,56
palmerzk,2,Y,L,56
palmerzk,3,Y,N,56
palmerzk,4,Y,N,56
palmerzk,5,Y,L,56
palmerzk,6,Y,N,56
palmerzk,7,Y,L,56
palmerzk,8,Y,N,56
palmerzk,9,Y,C,56
palmerzk,10,Y,M,56
palmerzk,11,Y,N,56
palmerzk,12,Y,M,56
palmerzk,13,Y,L,56
palmerzk,14,Y,L,56
palmerzk,15,G,N,56
palmerzk,16,G,N,56
palmerzk,17,G,N,56
palmerzk,18,G,N,56
palmerzk,19,G,N,56
palmerzk,20,G,L,56
palmerzk,21,G,N,56
palmerzk,22,G,N,56
palmerzk,23,G,N,56
palmerzk,24,BL,C,56
palmerzk,25,BL,N,56
palmerzk,26,BL,N,56
palmerzk,27,BL,N,56
palmerzk,28,BL,N,56
palmerzk,29,BL,N,56
palmerzk,30,BR,N,56
palmerzk,31,BR,N,56
palmerzk,32,BR,N,56
palmerzk,33,BR,N,56
palmerzk,34,BR,N,56
palmerzk,35,BR,M,56
palmerzk,36,BR,L,56
palmerzk,37,BR,N,56
palmerzk,38,O,C,56
palmerzk,39,O,N,56
palmerzk,40,O,N,56
palmerzk,41,O,C,56
palmerzk,42,O,N,56
palmerzk,43,O,N,56
palmerzk,44,O,N,56
palmerzk,45,O,N,56
palmerzk,46,O,N,56
palmerzk,47,R,N,56
palmerzk,48,R,N,56
palmerzk,49,R,N,56
palmerzk,50,R,N,56
palmerzk,51,R,N,56
palmerzk,52,R,L,56
palmerzk,53,R,L,56
palmerzk,54,R,N,56
palmerzk,55,R,N,56
palmerzk,56,R,L,56
cutliplr,1,O,N,53
cutliplr,2,Y,N,53
cutliplr,3,BR,L,53
cutliplr,4,O,N,53
cutliplr,5,O,N,53
cutliplr,6,G,N,53
cutliplr,7,BL,N,53
cutliplr,8,BL,L,53
cutliplr,9,O,M,53
cutliplr,10,R,M,53
cutliplr,11,O,N,53
cutliplr,12,G,L,53
cutliplr,13,Y,N,53
cutliplr,14,BL,N,53
cutliplr,15,BL,N,53
cutliplr,16,BL,N,53
cutliplr,17,O,N,53
cutliplr,18,O,N,53
cutliplr,19,BR,N,53
cutliplr,20,Y,N,53
cutliplr,21,BR,N,53
cutliplr,22,Y,N,53
cutliplr,23,BR,N,53
cutliplr,24,BL,N,53
cutliplr,25,Y,N,53
cutliplr,26,O,N,53
cutliplr,27,O,L,53
cutliplr,28,BL,N,53
cutliplr,29,Y,N,53
cutliplr,30,G,N,53
cutliplr,31,Y,N,53
cutliplr,32,BR,N,53
cutliplr,33,BL,L,53
cutliplr,34,G,N,53
cutliplr,35,R,N,53
cutliplr,36,O,N,53
cutliplr,37,BL,N,53
cutliplr,38,R,N,53
cutliplr,39,O,N,53
cutliplr,40,G,N,53
cutliplr,41,Y,N,53
cutliplr,42,R,L,53
cutliplr,43,G,N,53
cutliplr,44,O,M,53
cutliplr,45,G,L,53
cutliplr,46,BL,C,53
cutliplr,47,G,L,53
cutliplr,48,O,N,53
cutliplr,49,BR,N,53
cutliplr,50,Y,N,53
cutliplr,51,O,L,53
cutliplr,52,R,N,53
cutliplr,53,G,N,53
mobleysc,1,BR,N,52
mobleysc,2,BL,N,52
mobleysc,3,BR,N,52
mobleysc,4,O,L,52
mobleysc,5,G,N,52
mobleysc,6,NA,N,52
mobleysc,7,BR,N,52
mobleysc,8,BL,N,52
mobleysc,9,Y,N,52
mobleysc,10,BL,N,52
mobleysc,11,BL,L,52
mobleysc,12,BL,N,52
mobleysc,13,BL,N,52
mobleysc,14,G,L,52
mobleysc,15,R,N,52
mobleysc,16,BL,N,52
mobleysc,17,BL,N,52
mobleysc,18,BL,N,52
mobleysc,19,BR,N,52
mobleysc,20,BL,L,52
mobleysc,21,BL,N,52
mobleysc,22,O,N,52
mobleysc,23,G,N,52
mobleysc,24,BR,N,52
mobleysc,25,BL,L,52
mobleysc,26,Y,C,52
mobleysc,27,G,N,52
mobleysc,28,BL,N,52
mobleysc,29,R,N,52
mobleysc,30,Y,N,52
mobleysc,31,BR,L,52
mobleysc,32,BR,N,52
mobleysc,33,O,N,52
mobleysc,34,BL,L,52
mobleysc,35,BL,N,52
mobleysc,36,BL,N,52
mobleysc,37,BL,N,52
mobleysc,38,BL,L,52
mobleysc,39,R,N,52
mobleysc,40,O,N,52
mobleysc,41,G,L,52
mobleysc,42,O,N,52
mobleysc,43,BL,N,52
mobleysc,44,BL,N,52
mobleysc,45,BR,N,52
mobleysc,46,BL,N,52
mobleysc,47,O,N,52
mobleysc,48,BL,N,52
mobleysc,49,Y,C,52
mobleysc,50,O,N,52
mobleysc,51,BR,N,52
mobleysc,52,R,N,52
mearsjm,1,G,C,54
mearsjm,2,Y,N,54
mearsjm,3,BL,L,54
mearsjm,4,BR,N,54
mearsjm,5,Y,N,54
mearsjm,6,BL,C,54
mearsjm,7,Y,C,54
mearsjm,8,BL,N,54
mearsjm,9,BR,N,54
mearsjm,10,R,N,54
mearsjm,11,O,N,54
mearsjm,12,G,L,54
mearsjm,13,O,N,54
mearsjm,14,BL,N,54
mearsjm,15,BR,M,54
mearsjm,16,G,L,54
mearsjm,17,G,N,54
mearsjm,18,BL,L,54
mearsjm,19,R,C,54
mearsjm,20,BR,L,54
mearsjm,21,BL,N,54
mearsjm,22,BR,L,54
mearsjm,23,O,N,54
mearsjm,24,G,L,54
mearsjm,25,G,N,54
mearsjm,26,O,N,54
mearsjm,27,G,M,54
mearsjm,28,G,M,54
mearsjm,29,BL,N,54
mearsjm,30,Y,N,54
mearsjm,31,G,L,54
mearsjm,32,BL,C,54
mearsjm,33,G,N,54
mearsjm,34,G,N,54
mearsjm,35,R,L,54
mearsjm,36,BL,L,54
mearsjm,37,G,N,54
mearsjm,38,Y,N,54
mearsjm,39,Y,N,54
mearsjm,40,R,N,54
mearsjm,41,BR,N,54
mearsjm,42,Y,N,54
mearsjm,43,O,N,54
mearsjm,44,G,L,54
mearsjm,45,O,L,54
mearsjm,46,O,N,54
mearsjm,47,G,N,54
mearsjm,48,G,L,54
mearsjm,49,G,L,54
mearsjm,50,BL,N,54
mearsjm,51,G,N,54
mearsjm,52,R,N,54
mearsjm,53,R,C,54
mearsjm,54,BL,N,54
SpenceTA,1,BL,N,52
SpenceTA,2,G,L,52
SpenceTA,3,O,N,52
SpenceTA,4,BR,N,52
SpenceTA,5,BR,N,52
SpenceTA,6,BL,N,52
SpenceTA,7,O,L,52
SpenceTA,8,O,N,52
SpenceTA,9,O,C,52
SpenceTA,10,G,N,52
SpenceTA,11,G,N,52
SpenceTA,12,G,N,52
SpenceTA,13,Y,N,52
SpenceTA,14,BL,N,52
SpenceTA,15,BR,L,52
SpenceTA,16,BL,N,52
SpenceTA,17,G,N,52
SpenceTA,18,G,N,52
SpenceTA,19,Y,C,52
SpenceTA,20,O,N,52
SpenceTA,21,O,N,52
SpenceTA,22,R,N,52
SpenceTA,23,Y,L,52
SpenceTA,24,BL,L,52
SpenceTA,25,BL,N,52
SpenceTA,26,G,N,52
SpenceTA,27,O,N,52
SpenceTA,28,R,N,52
SpenceTA,29,R,N,52
SpenceTA,30,BL,N,52
SpenceTA,31,BL,N,52
SpenceTA,32,BR,L,52
SpenceTA,33,BR,N,52
SpenceTA,34,G,N,52
SpenceTA,35,O,N,52
SpenceTA,36,O,N,52
SpenceTA,37,O,N,52
SpenceTA,38,BL,N,52
SpenceTA,39,Y,N,52
SpenceTA,40,BR,N,52
SpenceTA,41,O,L,52
SpenceTA,42,R,L,52
SpenceTA,43,O,L,52
SpenceTA,44,BR,L,52
SpenceTA,45,R,L,52
SpenceTA,46,R,N,52
SpenceTA,47,Y,N,52
SpenceTA,48,G,N,52
SpenceTA,49,G,N,52
SpenceTA,50,BL,L,52
SpenceTA,51,O,N,52
SpenceTA,52,Y,N,52
gaydostr,1,R,N,51
gaydostr,2,R,N,51
gaydostr,3,BL,N,51
gaydostr,4,O,N,51
gaydostr,5,Y,N,51
gaydostr,6,BL,N,51
gaydostr,7,G,N,51
gaydostr,8,BR,N,51
gaydostr,9,O,L,51
gaydostr,10,O,N,51
gaydostr,11,Y,N,51
gaydostr,12,G,N,51
gaydostr,13,BR,L,51
gaydostr,14,O,L,51
gaydostr,15,BL,C,51
gaydostr,16,BL,N,51
gaydostr,17,Y,L,51
gaydostr,18,O,L,51
gaydostr,19,R,L,51
gaydostr,20,BL,L,51
gaydostr,21,G,N,51
gaydostr,22,BR,L,51
gaydostr,23,G,M,51
gaydostr,24,O,N,51
gaydostr,25,BL,N,51
gaydostr,26,Y,L,51
gaydostr,27,O,N,51
gaydostr,28,Y,L,51
gaydostr,29,BL,N,51
gaydostr,30,G,L,51
gaydostr,31,Y,N,51
gaydostr,32,G,N,51
gaydostr,33,BL,N,51
gaydostr,34,BL,N,51
gaydostr,35,O,N,51
gaydostr,36,G,N,51
gaydostr,37,Y,C,51
gaydostr,38,O,L,51
gaydostr,39,G,L,51
gaydostr,40,BL,N,51
gaydostr,41,O,N,51
gaydostr,42,G,N,51
gaydostr,43,G,L,51
gaydostr,44,O,N,51
gaydostr,45,BL,L,51
gaydostr,46,O,L,51
gaydostr,47,G,N,51
gaydostr,48,BL,N,51
gaydostr,49,G,N,51
gaydostr,50,G,N,51
gaydostr,51,O,N,51
klimekjw,1,BR,N,55
klimekjw,2,O,N,55
klimekjw,3,Y,N,55
klimekjw,4,BL,N,55
klimekjw,5,R,N,55
klimekjw,6,BR,N,55
klimekjw,7,Y,N,55
klimekjw,8,Y,N,55
klimekjw,9,BL,N,55
klimekjw,10,R,N,55
klimekjw,11,R,N,55
klimekjw,12,G,N,55
klimekjw,13,R,N,55
klimekjw,14,O,N,55
klimekjw,15,R,N,55
klimekjw,16,O,N,55
klimekjw,17,R,N,55
klimekjw,18,BL,N,55
klimekjw,19,BL,N,55
klimekjw,20,Y,N,55
klimekjw,21,Y,N,55
klimekjw,22,BR,L,55
klimekjw,23,R,N,55
klimekjw,24,Y,N,55
klimekjw,25,O,L,55
klimekjw,26,O,N,55
klimekjw,27,BR,N,55
klimekjw,28,BL,N,55
klimekjw,29,R,C,55
klimekjw,30,Y,N,55
klimekjw,31,Y,L,55
klimekjw,32,BR,N,55
klimekjw,33,Y,N,55
klimekjw,34,O,N,55
klimekjw,35,Y,N,55
klimekjw,36,R,N,55
klimekjw,37,O,N,55
klimekjw,38,BR,N,55
klimekjw,39,O,L,55
klimekjw,40,BL,N,55
klimekjw,41,BL,N,55
klimekjw,42,BR,N,55
klimekjw,43,BL,M,55
klimekjw,44,BL,N,55
klimekjw,45,BL,L,55
klimekjw,46,O,N,55
klimekjw,47,G,N,55
klimekjw,48,Y,N,55
klimekjw,49,BR,N,55
klimekjw,50,R,N,55
klimekjw,51,O,N,55
klimekjw,52,G,N,55
klimekjw,53,O,N,55
klimekjw,54,BL,N,55
klimekjw,55,Y,N,55
ramoske,1,O,L,56
ramoske,2,BR,L,56
ramoske,3,R,L,56
ramoske,4,O,N,56
ramoske,5,O,N,56
ramoske,6,R,L,56
ramoske,7,R,L,56
ramoske,8,G,L,56
ramoske,9,O,L,56
ramoske,10,O,L,56
ramoske,11,R,L,56
ramoske,12,BR,L,56
ramoske,13,G,N,56
ramoske,14,Y,N,56
ramoske,15,R,N,56
ramoske,16,R,N,56
ramoske,17,G,N,56
ramoske,18,G,N,56
ramoske,19,O,L,56
ramoske,20,O,L,56
ramoske,21,G,L,56
ramoske,22,G,C,56
ramoske,23,G,L,56
ramoske,24,Y,C,56
ramoske,25,G,L,56
ramoske,26,BL,N,56
ramoske,27,O,L,56
ramoske,28,R,L,56
ramoske,29,O,L,56
ramoske,30,R,L,56
ramoske,31,BR,N,56
ramoske,32,BR,N,56
ramoske,33,O,N,56
ramoske,34,R,L,56
ramoske,35,Y,L,56
ramoske,36,R,L,56
ramoske,37,BL,N,56
ramoske,38,R,N,56
ramoske,39,Y,N,56
ramoske,40,G,N,56
ramoske,41,Y,L,56
ramoske,42,BL,N,56
ramoske,43,BR,N,56
ramoske,44,G,N,56
ramoske,45,R,N,56
ramoske,46,BL,L,56
ramoske,47,G,N,56
ramoske,48,O,N,56
ramoske,49,G,N,56
ramoske,50,BR,N,56
ramoske,51,O,L,56
ramoske,52,Y,L,56
ramoske,53,O,N,56
ramoske,54,BL,N,56
ramoske,55,G,N,56
ramoske,56,BR,N,56
butcheja,1,O,N,50
butcheja,2,BL,N,50
butcheja,3,G,N,50
butcheja,4,BL,N,50
butcheja,5,R,N,50
butcheja,6,O,L,50
butcheja,7,Y,N,50
butcheja,8,BL,N,50
butcheja,9,O,N,50
butcheja,10,R,N,50
butcheja,11,G,N,50
butcheja,12,R,N,50
butcheja,13,Y,N,50
butcheja,14,R,N,50
butcheja,15,G,L,50
butcheja,16,Y,N,50
butcheja,17,Y,N,50
butcheja,18,O,N,50
butcheja,19,G,N,50
butcheja,20,Y,L,50
butcheja,21,BL,N,50
butcheja,22,G,N,50
butcheja,23,R,L,50
butcheja,24,Y,N,50
butcheja,25,G,N,50
butcheja,26,O,N,50
butcheja,27,Y,N,50
butcheja,28,O,N,50
butcheja,29,Y,N,50
butcheja,30,BR,N,50
butcheja,31,G,N,50
butcheja,32,G,N,50
butcheja,33,G,N,50
butcheja,34,Y,N,50
butcheja,35,BR,L,50
butcheja,36,G,N,50
butcheja,37,R,N,50
butcheja,38,R,N,50
butcheja,39,O,N,50
butcheja,40,G,N,50
butcheja,41,Y,N,50
butcheja,42,G,N,50
butcheja,43,O,N,50
butcheja,44,R,N,50
butcheja,45,R,N,50
butcheja,46,O,N,50
butcheja,47,R,L,50
butcheja,48,NA,N,50
butcheja,49,G,L,50
butcheja,50,R,N,50
ahmadrm,1,BL,N,53
ahmadrm,2,G,N,53
ahmadrm,3,Y,L,53
ahmadrm,4,G,N,53
ahmadrm,5,Y,N,53
ahmadrm,6,BL,N,53
ahmadrm,7,BR,L,53
ahmadrm,8,G,N,53
ahmadrm,9,G,N,53
ahmadrm,10,G,L,53
ahmadrm,11,Y,L,53
ahmadrm,12,G,N,53
ahmadrm,13,G,M,53
ahmadrm,14,BR,N,53
ahmadrm,15,BR,M,53
ahmadrm,16,O,L,53
ahmadrm,17,BR,N,53
ahmadrm,18,G,L,53
ahmadrm,19,BL,N,53
ahmadrm,20,G,N,53
ahmadrm,21,Y,M,53
ahmadrm,22,G,N,53
ahmadrm,23,BL,N,53
ahmadrm,24,G,N,53
ahmadrm,25,Y,L,53
ahmadrm,26,G,N,53
ahmadrm,27,BL,L,53
ahmadrm,28,G,N,53
ahmadrm,29,Y,N,53
ahmadrm,30,O,N,53
ahmadrm,31,O,N,53
ahmadrm,32,Y,N,53
ahmadrm,33,BL,L,53
ahmadrm,34,BR,L,53
ahmadrm,35,BL,N,53
ahmadrm,36,G,N,53
ahmadrm,37,G,N,53
ahmadrm,38,BL,N,53
ahmadrm,39,BR,N,53
ahmadrm,40,BR,N,53
ahmadrm,41,Y,L,53
ahmadrm,42,G,M,53
ahmadrm,43,G,L,53
ahmadrm,44,Y,N,53
ahmadrm,45,BR,L,53
ahmadrm,46,BR,L,53
ahmadrm,47,Y,N,53
ahmadrm,48,G,M,53
ahmadrm,49,Y,N,53
ahmadrm,50,G,L,53
ahmadrm,51,G,L,53
ahmadrm,52,BR,N,53
ahmadrm,53,Y,L,53
henryrg,1,O,L,52
henryrg,2,O,N,52
henryrg,3,O,L,52
henryrg,4,R,N,52
henryrg,5,Y,C,52
henryrg,6,O,N,52
henryrg,7,R,N,52
henryrg,8,R,N,52
henryrg,9,G,N,52
henryrg,10,BL,N,52
henryrg,11,G,N,52
henryrg,12,Y,M,52
henryrg,13,BL,N,52
henryrg,14,Y,N,52
henryrg,15,BL,L,52
henryrg,16,Y,N,52
henryrg,17,Y,N,52
henryrg,18,G,N,52
henryrg,19,G,N,52
henryrg,20,Y,N,52
henryrg,21,BL,L,52
henryrg,22,O,N,52
henryrg,23,BL,N,52
henryrg,24,BL,N,52
henryrg,25,BL,N,52
henryrg,26,Y,M,52
henryrg,27,O,M,52
henryrg,28,Y,N,52
henryrg,29,G,N,52
henryrg,30,G,L,52
henryrg,31,O,N,52
henryrg,32,Y,N,52
henryrg,33,Y,L,52
henryrg,34,O,L,52
henryrg,35,G,N,52
henryrg,36,G,N,52
henryrg,37,BR,N,52
henryrg,38,Y,L,52
henryrg,39,Y,N,52
henryrg,40,BR,L,52
henryrg,41,G,N,52
henryrg,42,Y,N,52
henryrg,43,O,L,52
henryrg,44,BR,L,52
henryrg,45,G,N,52
henryrg,46,G,N,52
henryrg,47,O,N,52
henryrg,48,Y,N,52
henryrg,49,G,L,52
henryrg,50,O,L,52
henryrg,51,Y,L,52
henryrg,52,BL,L,52
gieswl,1,BL,N,56
gieswl,2,G,L,56
gieswl,3,R,N,56
gieswl,4,R,N,56
gieswl,5,BR,N,56
gieswl,6,G,N,56
gieswl,7,R,L,56
gieswl,8,BR,N,56
gieswl,9,BR,L,56
gieswl,10,O,L,56
gieswl,11,Y,L,56
gieswl,12,BL,N,56
gieswl,13,O,L,56
gieswl,14,BR,N,56
gieswl,15,BL,N,56
gieswl,16,G,N,56
gieswl,17,R,N,56
gieswl,18,Y,L,56
gieswl,19,G,L,56
gieswl,20,BR,L,56
gieswl,21,R,C,56
gieswl,22,Y,N,56
gieswl,23,Y,L,56
gieswl,24,R,M,56
gieswl,25,Y,L,56
gieswl,26,BR,M,56
gieswl,27,G,N,56
gieswl,28,BR,N,56
gieswl,29,R,L,56
gieswl,30,O,N,56
gieswl,31,R,L,56
gieswl,32,O,N,56
gieswl,33,Y,L,56
gieswl,34,O,L,56
gieswl,35,O,L,56
gieswl,36,BR,N,56
gieswl,37,BR,L,56
gieswl,38,O,L,56
gieswl,39,G,L,56
gieswl,40,G,L,56
gieswl,41,BL,N,56
gieswl,42,G,L,56
gieswl,43,O,L,56
gieswl,44,Y,M,56
gieswl,45,Y,N,56
gieswl,46,BL,N,56
gieswl,47,G,L,56
gieswl,48,O,N,56
gieswl,49,R,N,56
gieswl,50,BR,N,56
gieswl,51,O,N,56
gieswl,52,G,L,56
gieswl,53,G,N,56
gieswl,54,R,N,56
gieswl,55,G,L,56
gieswl,56,BR,L,56
rollinat,1,Y,N,55
rollinat,2,BR,L,55
rollinat,3,G,N,55
rollinat,4,BL,N,55
rollinat,5,Y,L,55
rollinat,6,G,N,55
rollinat,7,G,N,55
rollinat,8,BR,L,55
rollinat,9,BL,N,55
rollinat,10,G,N,55
rollinat,11,BL,N,55
rollinat,12,BR,L,55
rollinat,13,G,L,55
rollinat,14,G,N,55
rollinat,15,Y,L,55
rollinat,16,BR,N,55
rollinat,17,R,L,55
rollinat,18,Y,L,55
rollinat,19,G,N,55
rollinat,20,R,L,55
rollinat,21,BR,L,55
rollinat,22,G,L,55
rollinat,23,Y,L,55
rollinat,24,O,N,55
rollinat,25,BL,N,55
rollinat,26,Y,N,55
rollinat,27,R,N,55
rollinat,28,Y,L,55
rollinat,29,BL,N,55
rollinat,30,Y,N,55
rollinat,31,R,L,55
rollinat,32,BR,L,55
rollinat,33,G,L,55
rollinat,34,Y,L,55
rollinat,35,Y,N,55
rollinat,36,O,N,55
rollinat,37,Y,N,55
rollinat,38,R,N,55
rollinat,39,R,N,55
rollinat,40,O,L,55
rollinat,41,BL,N,55
rollinat,42,G,N,55
rollinat,43,BL,L,55
rollinat,44,Y,C,55
rollinat,45,Y,C,55
rollinat,46,BL,N,55
rollinat,47,BL,N,55
rollinat,48,G,N,55
rollinat,49,Y,C,55
rollinat,50,G,C,55
rollinat,51,O,M,55
rollinat,52,Y,C,55
rollinat,53,BL,N,55
rollinat,54,Y,N,55
rollinat,55,G,C,55
bednarcr,1,Y,L,54
bednarcr,2,R,N,54
bednarcr,3,BR,N,54
bednarcr,4,Y,N,54
bednarcr,5,O,N,54
bednarcr,6,O,N,54
bednarcr,7,O,M,54
bednarcr,8,BL,L,54
bednarcr,9,Y,N,54
bednarcr,10,G,N,54
bednarcr,11,G,N,54
bednarcr,12,R,L,54
bednarcr,13,G,N,54
bednarcr,14,Y,N,54
bednarcr,15,G,L,54
bednarcr,16,Y,N,54
bednarcr,17,Y,N,54
bednarcr,18,O,L,54
bednarcr,19,G,N,54
bednarcr,20,G,L,54
bednarcr,21,BL,N,54
bednarcr,22,BL,N,54
bednarcr,23,BR,L,54
bednarcr,24,G,N,54
bednarcr,25,G,N,54
bednarcr,26,R,L,54
bednarcr,27,R,N,54
bednarcr,28,BR,N,54
bednarcr,29,G,M,54
bednarcr,30,BL,N,54
bednarcr,31,BR,L,54
bednarcr,32,R,N,54
bednarcr,33,BL,N,54
bednarcr,34,BL,N,54
bednarcr,35,BL,L,54
bednarcr,36,Y,L,54
bednarcr,37,G,N,54
bednarcr,38,Y,N,54
bednarcr,39,R,L,54
bednarcr,40,G,N,54
bednarcr,41,O,L,54
bednarcr,42,O,N,54
bednarcr,43,BR,N,54
bednarcr,44,R,L,54
bednarcr,45,O,N,54
bednarcr,46,O,L,54
bednarcr,47,O,N,54
bednarcr,48,Y,N,54
bednarcr,49,G,N,54
bednarcr,50,Y,N,54
bednarcr,51,G,N,54
bednarcr,52,BR,M,54
bednarcr,53,BL,N,54
bednarcr,54,BL,N,54
crumoro,1,R,L,56
crumoro,2,G,N,56
crumoro,3,G,N,56
crumoro,4,R,N,56
crumoro,5,BL,N,56
crumoro,6,Y,N,56
crumoro,7,R,C,56
crumoro,8,O,N,56
crumoro,9,BR,L,56
crumoro,10,Y,C,56
crumoro,11,G,L,56
crumoro,12,O,N,56
crumoro,13,BL,N,56
crumoro,14,R,N,56
crumoro,15,Y,N,56
crumoro,16,R,L,56
crumoro,17,O,M,56
crumoro,17,R,N,56
crumoro,18,BR,C,56
crumoro,19,BR,C,56
crumoro,20,Y,N,56
crumoro,21,R,C,56
crumoro,22,BL,N,56
crumoro,23,O,N,56
crumoro,24,O,L,56
crumoro,25,O,N,56
crumoro,26,G,N,56
crumoro,27,O,N,56
crumoro,28,BR,L,56
crumoro,29,BL,C,56
crumoro,30,O,L,56
crumoro,31,BL,N,56
crumoro,32,O,N,56
crumoro,33,O,N,56
crumoro,34,O,N,56
crumoro,35,O,C,56
crumoro,36,R,N,56
crumoro,37,Y,N,56
crumoro,38,O,L,56
crumoro,39,Y,L,56
crumoro,40,BL,N,56
crumoro,41,O,N,56
crumoro,42,G,C,56
crumoro,43,BL,N,56
crumoro,44,G,C,56
crumoro,45,G,N,56
crumoro,46,G,N,56
crumoro,47,Y,M,56
crumoro,48,Y,N,56
crumoro,49,O,N,56
crumoro,50,O,N,56
crumoro,51,R,N,56
crumoro,52,BR,N,56
crumoro,53,BL,N,56
crumoro,54,Y,N,56
crumoro,55,R,N,56
crumoro,56,Y,L,56
arkusma,1,R,C,55
arkusma,2,BL,C,55
arkusma,3,BL,N,55
arkusma,4,O,N,55
arkusma,5,Y,M,55
arkusma,6,O,C,55
arkusma,7,BL,N,55
arkusma,8,G,C,55
arkusma,9,R,C,55
arkusma,10,G,L,55
arkusma,11,R,L,55
arkusma,12,O,N,55
arkusma,13,R,C,55
arkusma,14,BL,N,55
arkusma,15,O,N,55
arkusma,16,O,N,55
arkusma,17,G,N,55
arkusma,18,Y,N,55
arkusma,19,BR,N,55
arkusma,20,BL,L,55
arkusma,21,BR,N,55
arkusma,22,R,N,55
arkusma,23,R,N,55
arkusma,24,Y,L,55
arkusma,25,Y,N,55
arkusma,26,BL,N,55
arkusma,27,O,N,55
arkusma,28,Y,N,55
arkusma,29,O,L,55
arkusma,30,R,L,55
arkusma,31,BL,L,55
arkusma,32,G,L,55
arkusma,33,O,N,55
arkusma,34,Y,L,55
arkusma,35,O,L,55
arkusma,36,G,N,55
arkusma,37,Y,C,55
arkusma,38,G,N,55
arkusma,39,G,N,55
arkusma,40,BL,M,55
arkusma,41,BL,N,55
arkusma,42,Y,L,55
arkusma,43,Y,N,55
arkusma,44,BR,C,55
arkusma,45,G,L,55
arkusma,46,O,N,55
arkusma,47,G,N,55
arkusma,48,Y,L,55
arkusma,49,BL,L,55
arkusma,50,Y,N,55
arkusma,51,BL,N,55
arkusma,52,BR,N,55
arkusma,53,G,N,55
arkusma,54,R,L,55
arkusma,55,BR,L,55
nuckolje,1,R,N,56
nuckolje,2,BL,N,56
nuckolje,3,G,N,56
nuckolje,4,BR,L,56
nuckolje,5,R,N,56
nuckolje,6,Y,N,56
nuckolje,7,G,N,56
nuckolje,8,O,L,56
nuckolje,9,O,N,56
nuckolje,10,O,L,56
nuckolje,11,BL,L,56
nuckolje,12,Y,N,56
nuckolje,13,O,L,56
nuckolje,14,O,L,56
nuckolje,15,BL,L,56
nuckolje,16,G,N,56
nuckolje,17,O,L,56
nuckolje,18,Y,L,56
nuckolje,19,O,N,56
nuckolje,20,G,N,56
nuckolje,21,O,N,56
nuckolje,22,Y,L,56
nuckolje,23,Y,N,56
nuckolje,24,BL,L,56
nuckolje,25,G,N,56
nuckolje,26,G,N,56
nuckolje,27,BL,L,56
nuckolje,28,BR,L,56
nuckolje,29,Y,N,56
nuckolje,30,R,N,56
nuckolje,31,Y,N,56
nuckolje,32,G,N,56
nuckolje,33,O,L,56
nuckolje,34,Y,N,56
nuckolje,35,BL,N,56
nuckolje,36,O,N,56
nuckolje,37,R,N,56
nuckolje,38,R,N,56
nuckolje,39,O,L,56
nuckolje,40,Y,N,56
nuckolje,41,G,L,56
nuckolje,42,BL,L,56
nuckolje,43,G,L,56
nuckolje,44,BR,N,56
nuckolje,45,O,N,56
nuckolje,46,BL,L,56
nuckolje,47,G,N,56
nuckolje,48,G,N,56
nuckolje,49,Y,N,56
nuckolje,50,BL,N,56
nuckolje,51,Y,N,56
nuckolje,52,O,L,56
nuckolje,53,Y,L,56
nuckolje,54,Y,L,56
nuckolje,55,BR,N,56
nuckolje,56,Y,L,56
koduast,1,R,N,52
koduast,2,BR,N,52
koduast,3,G,N,52
koduast,4,BR,L,52
koduast,5,G,C,52
koduast,6,R,C,52
koduast,7,BL,N,52
koduast,8,G,L,52
koduast,9,O,L,52
koduast,10,G,N,52
koduast,11,Y,N,52
koduast,12,O,L,52
koduast,13,BL,N,52
koduast,14,BR,M,52
koduast,15,BL,M,52
koduast,16,BL,N,52
koduast,17,G,L,52
koduast,18,BR,C,52
koduast,19,G,M,52
koduast,20,O,C,52
koduast,21,O,M,52
koduast,22,R,M,52
koduast,23,O,L,52
koduast,24,BR,N,52
koduast,25,Y,M,52
koduast,26,BR,M,52
koduast,27,G,N,52
koduast,28,R,C,52
koduast,29,G,N,52
koduast,30,BL,C,52
koduast,31,BR,N,52
koduast,32,Y,N,52
koduast,33,BL,C,52
koduast,34,O,N,52
koduast,35,R,M,52
koduast,36,Y,N,52
koduast,37,Y,N,52
koduast,38,BR,N,52
koduast,39,G,C,52
koduast,40,BL,L,52
koduast,41,BL,L,52
koduast,42,O,L,52
koduast,43,G,C,52
koduast,44,BL,N,52
koduast,45,R,L,52
koduast,46,BR,L,52
koduast,47,BL,N,52
koduast,48,R,L,52
koduast,49,Y,L,52
koduast,50,BR,N,52
koduast,51,R,N,52
koduast,52,BL,C,52
boruchtn,1,O,M,53
boruchtn,2,BR,L,53
boruchtn,3,G,L,53
boruchtn,4,O,L,53
boruchtn,5,Y,N,53
boruchtn,6,BR,L,53
boruchtn,7,Y,N,53
boruchtn,8,Y,C,53
boruchtn,9,BL,N,53
boruchtn,10,O,N,53
boruchtn,11,O,N,53
boruchtn,12,G,M,53
boruchtn,13,G,N,53
boruchtn,14,BL,N,53
boruchtn,15,BR,N,53
boruchtn,16,BL,N,53
boruchtn,17,G,N,53
boruchtn,18,G,N,53
boruchtn,19,BL,L,53
boruchtn,20,BL,N,53
boruchtn,21,G,N,53
boruchtn,22,O,L,53
boruchtn,23,R,N,53
boruchtn,24,R,N,53
boruchtn,25,Y,L,53
boruchtn,26,Y,N,53
boruchtn,27,G,N,53
boruchtn,28,O,L,53
boruchtn,29,R,L,53
boruchtn,30,BR,L,53
boruchtn,31,BL,N,53
boruchtn,32,G,N,53
boruchtn,33,G,N,53
boruchtn,34,BL,L,53
boruchtn,35,G,L,53
boruchtn,36,Y,L,53
boruchtn,37,Y,L,53
boruchtn,38,BR,N,53
boruchtn,39,R,N,53
boruchtn,40,BR,L,53
boruchtn,41,O,L,53
boruchtn,42,Y,L,53
boruchtn,43,O,N,53
boruchtn,44,BR,M,53
boruchtn,45,BL,N,53
boruchtn,46,O,M,53
boruchtn,47,BL,N,53
boruchtn,48,G,C,53
boruchtn,49,O,N,53
boruchtn,50,Y,N,53
boruchtn,51,BL,L,53
boruchtn,52,G,N,53
boruchtn,53,O,N,53
wilderea,1,O,N,57
wilderea,2,R,N,57
wilderea,3,R,N,57
wilderea,4,G,N,57
wilderea,5,O,N,57
wilderea,6,R,N,57
wilderea,7,BR,C,57
wilderea,8,BR,N,57
wilderea,9,Y,N,57
wilderea,10,O,L,57
wilderea,11,R,N,57
wilderea,12,Y,N,57
wilderea,13,Y,N,57
wilderea,14,Y,N,57
wilderea,15,Y,N,57
wilderea,16,Y,N,57
wilderea,17,R,N,57
wilderea,18,Y,N,57
wilderea,19,O,N,57
wilderea,20,BR,N,57
wilderea,21,G,L,57
wilderea,22,Y,L,57
wilderea,23,O,N,57
wilderea,24,G,L,57
wilderea,25,Y,L,57
wilderea,26,O,N,57
wilderea,27,G,L,57
wilderea,28,O,N,57
wilderea,29,Y,N,57
wilderea,30,O,L,57
wilderea,31,G,N,57
wilderea,32,G,N,57
wilderea,33,Y,N,57
wilderea,34,O,N,57
wilderea,35,O,N,57
wilderea,36,BR,L,57
wilderea,37,Y,N,57
wilderea,38,O,N,57
wilderea,39,O,L,57
wilderea,40,O,N,57
wilderea,41,R,N,57
wilderea,42,Y,N,57
wilderea,43,R,N,57
wilderea,44,R,L,57
wilderea,45,BL,L,57
wilderea,46,O,N,57
wilderea,47,O,N,57
wilderea,48,O,N,57
wilderea,49,Y,N,57
wilderea,50,BL,N,57
wilderea,51,G,N,57
wilderea,52,O,N,57
wilderea,53,Y,C,57
wilderea,54,Y,N,57
wilderea,55,BR,N,57
wilderea,56,Y,N,57
wilderea,57,G,N,57
mayjy,1,O,L,56
mayjy,2,Y,N,56
mayjy,3,G,L,56
mayjy,4,G,N,56
mayjy,5,R,N,56
mayjy,6,Y,N,56
mayjy,7,O,L,56
mayjy,8,Y,N,56
mayjy,9,O,N,56
mayjy,10,Y,N,56
mayjy,11,Y,N,56
mayjy,12,BR,N,56
mayjy,13,Y,L,56
mayjy,14,BR,L,56
mayjy,15,BL,N,56
mayjy,16,O,L,56
mayjy,17,BR,L,56
mayjy,18,BR,L,56
mayjy,19,Y,L,56
mayjy,20,O,N,56
mayjy,21,BL,L,56
mayjy,22,G,L,56
mayjy,23,O,L,56
mayjy,24,BL,L,56
mayjy,25,Y,L,56
mayjy,26,Y,N,56
mayjy,27,Y,N,56
mayjy,28,O,L,56
mayjy,29,Y,N,56
mayjy,30,Y,M,56
mayjy,31,BL,N,56
mayjy,32,O,N,56
mayjy,33,BL,L,56
mayjy,34,O,N,56
mayjy,35,BR,L,56
mayjy,36,BL,N,56
mayjy,37,BR,L,56
mayjy,38,O,N,56
mayjy,39,R,N,56
mayjy,40,R,N,56
mayjy,41,BL,L,56
mayjy,42,BR,N,56
mayjy,43,Y,L,56
mayjy,44,O,N,56
mayjy,45,O,N,56
mayjy,46,O,L,56
mayjy,47,O,L,56
mayjy,48,R,L,56
mayjy,49,G,N,56
mayjy,50,O,L,56
mayjy,51,O,L,56
mayjy,52,Y,N,56
mayjy,53,Y,L,56
mayjy,54,O,N,56
mayjy,55,G,L,56
mayjy,56,G,N,56
bryntj,1,BL,N,55
bryntj,2,BR,N,55
bryntj,3,G,M,55
bryntj,4,O,N,55
bryntj,5,BR,N,55
bryntj,6,Y,L,55
bryntj,7,R,L,55
bryntj,8,Y,L,55
bryntj,9,BL,N,55
bryntj,10,BL,N,55
bryntj,11,BL,L,55
bryntj,12,R,N,55
bryntj,13,G,N,55
bryntj,14,BL,N,55
bryntj,15,G,N,55
bryntj,16,Y,N,55
bryntj,17,Y,M,55
bryntj,18,G,N,55
bryntj,19,Y,N,55
bryntj,20,Y,N,55
bryntj,21,O,L,55
bryntj,22,BL,L,55
bryntj,23,G,N,55
bryntj,24,BR,N,55
bryntj,25,BL,N,55
bryntj,26,Y,N,55
bryntj,27,BR,N,55
bryntj,28,R,N,55
bryntj,29,BR,C,55
bryntj,30,BL,N,55
bryntj,31,BR,N,55
bryntj,32,R,L,55
bryntj,33,R,L,55
bryntj,34,O,N,55
bryntj,35,Y,N,55
bryntj,36,O,N,55
bryntj,37,G,L,55
bryntj,38,G,L,55
bryntj,39,G,N,55
bryntj,40,BR,N,55
bryntj,41,Y,N,55
bryntj,42,O,C,55
bryntj,43,BL,N,55
bryntj,44,Y,N,55
bryntj,45,Y,N,55
bryntj,46,O,L,55
bryntj,47,O,L,55
bryntj,48,O,L,55
bryntj,49,BR,N,55
bryntj,50,O,N,55
bryntj,51,R,N,55
bryntj,52,BL,L,55
bryntj,53,R,L,55
bryntj,54,O,N,55
bryntj,55,O,L,55
nultybg,1,R,N,52
nultybg,2,R,N,52
nultybg,3,BL,N,52
nultybg,4,R,C,52
nultybg,5,Y,N,52
nultybg,6,Y,M,52
nultybg,7,Y,N,52
nultybg,8,G,N,52
nultybg,9,Y,M,52
nultybg,10,BL,L,52
nultybg,11,G,N,52
nultybg,12,Y,N,52
nultybg,13,O,C,52
nultybg,14,O,L,52
nultybg,15,Y,C,52
nultybg,16,Y,M,52
nultybg,17,BL,N,52
nultybg,18,G,N,52
nultybg,19,BL,N,52
nultybg,20,BR,N,52
nultybg,21,BL,N,52
nultybg,22,G,N,52
nultybg,23,Y,M,52
nultybg,24,BL,C,52
nultybg,25,G,L,52
nultybg,26,R,L,52
nultybg,27,R,C,52
nultybg,28,G,L,52
nultybg,29,Y,M,52
nultybg,30,BR,N,52
nultybg,31,BL,C,52
nultybg,32,BR,N,52
nultybg,33,G,N,52
nultybg,34,BR,L,52
nultybg,35,G,N,52
nultybg,36,BL,M,52
nultybg,37,BL,N,52
nultybg,38,Y,C,52
nultybg,39,BL,L,52
nultybg,40,BL,N,52
nultybg,41,BL,L,52
nultybg,42,BL,N,52
nultybg,43,BL,M,52
nultybg,44,G,L,52
nultybg,45,BL,L,52
nultybg,46,Y,N,52
nultybg,47,BL,L,52
nultybg,48,BL,N,52
nultybg,49,Y,N,52
nultybg,50,BL,N,52
nultybg,51,Y,N,52
nultybg,52,Y,N,52
muradapd,1,O,L,52
muradapd,2,BL,L,52
muradapd,3,Y,N,52
muradapd,4,G,L,52
muradapd,5,O,L,52
muradapd,6,Y,N,52
muradapd,7,O,L,52
muradapd,8,Y,N,52
muradapd,9,G,N,52
muradapd,10,BL,L,52
muradapd,11,G,N,52
muradapd,12,O,N,52
muradapd,13,G,N,52
muradapd,14,BL,N,52
muradapd,15,G,N,52
muradapd,16,G,N,52
muradapd,17,G,L,52
muradapd,18,BL,N,52
muradapd,19,BL,L,52
muradapd,20,BL,C,52
muradapd,21,G,L,52
muradapd,22,BR,L,52
muradapd,23,R,L,52
muradapd,24,G,L,52
muradapd,25,R,N,52
muradapd,26,Y,C,52
muradapd,27,BL,N,52
muradapd,28,O,N,52
muradapd,29,BL,L,52
muradapd,30,BL,N,52
muradapd,31,R,L,52
muradapd,32,R,N,52
muradapd,33,R,N,52
muradapd,34,BR,N,52
muradapd,35,BL,N,52
muradapd,36,BL,L,52
muradapd,37,O,N,52
muradapd,38,G,L,52
muradapd,39,O,N,52
muradapd,40,G,N,52
muradapd,41,Y,L,52
muradapd,42,BL,L,52
muradapd,43,G,M,52
muradapd,44,G,L,52
muradapd,45,G,N,52
muradapd,46,R,N,52
muradapd,47,Y,N,52
muradapd,48,BR,N,52
muradapd,49,O,N,52
muradapd,50,BL,L,52
muradapd,51,BR,N,52
muradapd,52,BR,N,52
setzercp,1,O,N,55
setzercp,2,BL,L,55
setzercp,3,O,L,55
setzercp,4,BL,N,55
setzercp,5,BL,L,55
setzercp,6,BR,N,55
setzercp,7,G,N,55
setzercp,8,BL,N,55
setzercp,9,BL,N,55
setzercp,10,R,N,55
setzercp,11,BL,N,55
setzercp,12,G,N,55
setzercp,13,R,N,55
setzercp,14,BL,L,55
setzercp,15,O,L,55
setzercp,16,G,N,55
setzercp,17,BR,M,55
setzercp,18,Y,C,55
setzercp,19,BL,N,55
setzercp,20,O,L,55
setzercp,21,BR,N,55
setzercp,22,O,L,55
setzercp,23,BL,C,55
setzercp,24,O,N,55
setzercp,25,Y,N,55
setzercp,26,O,N,55
setzercp,27,R,C,55
setzercp,28,R,N,55
setzercp,29,R,L,55
setzercp,30,O,L,55
setzercp,31,BR,N,55
setzercp,32,O,N,55
setzercp,33,R,C,55
setzercp,34,G,N,55
setzercp,35,Y,L,55
setzercp,36,G,N,55
setzercp,37,O,N,55
setzercp,38,BL,C,55
setzercp,39,R,L,55
setzercp,40,Y,N,55
setzercp,41,R,L,55
setzercp,42,O,C,55
setzercp,43,BL,N,55
setzercp,44,Y,N,55
setzercp,45,Y,C,55
setzercp,46,G,L,55
setzercp,47,Y,N,55
setzercp,48,G,N,55
setzercp,49,BL,C,55
setzercp,50,O,N,55
setzercp,51,R,N,55
setzercp,52,G,N,55
setzercp,53,G,L,55
setzercp,54,G,N,55
setzercp,55,Y,N,55
adamscb,1,O,N,56
adamscb,2,O,N,56
adamscb,3,R,N,56
adamscb,4,Y,N,56
adamscb,5,R,N,56
adamscb,6,BL,N,56
adamscb,7,Y,L,56
adamscb,8,Y,N,56
adamscb,9,O,N,56
adamscb,10,O,N,56
adamscb,11,O,N,56
adamscb,12,O,L,56
adamscb,13,BL,N,56
adamscb,14,G,N,56
adamscb,15,R,N,56
adamscb,16,G,C,56
adamscb,17,BR,N,56
adamscb,18,BL,N,56
adamscb,19,BL,N,56
adamscb,20,R,N,56
adamscb,21,BR,N,56
adamscb,22,BR,N,56
adamscb,23,Y,C,56
adamscb,24,Y,N,56
adamscb,25,BL,C,56
adamscb,26,BR,N,56
adamscb,27,Y,N,56
adamscb,28,O,N,56
adamscb,29,O,N,56
adamscb,30,O,N,56
adamscb,31,R,N,56
adamscb,32,R,N,56
adamscb,33,G,N,56
adamscb,34,BR,N,56
adamscb,35,BR,N,56
adamscb,36,BR,N,56
adamscb,37,R,N,56
adamscb,38,R,N,56
adamscb,39,O,N,56
adamscb,40,Y,N,56
adamscb,41,Y,N,56
adamscb,42,BR,N,56
adamscb,43,G,N,56
adamscb,44,Y,N,56
adamscb,45,Y,N,56
adamscb,46,Y,N,56
adamscb,47,Y,N,56
adamscb,48,Y,N,56
adamscb,49,Y,N,56
adamscb,50,BL,N,56
adamscb,51,BL,N,56
adamscb,52,G,N,56
adamscb,53,G,C,56
adamscb,54,BL,N,56
adamscb,55,G,C,56
adamscb,56,BL,C,56
willi2ct,1,O,C,52
willi2ct,2,O,N,52
willi2ct,3,O,N,52
willi2ct,4,O,L,52
willi2ct,5,O,L,52
willi2ct,6,O,N,52
willi2ct,7,O,L,52
willi2ct,8,O,N,52
willi2ct,9,O,N,52
willi2ct,10,O,N,52
willi2ct,11,O,N,52
willi2ct,12,O,N,52
willi2ct,13,O,N,52
willi2ct,14,G,N,52
willi2ct,15,G,N,52
willi2ct,16,G,L,52
willi2ct,17,G,L,52
willi2ct,18,G,L,52
willi2ct,19,G,N,52
willi2ct,20,G,N,52
willi2ct,21,G,N,52
willi2ct,22,G,N,52
willi2ct,23,G,N,52
willi2ct,24,G,N,52
willi2ct,25,R,M,52
willi2ct,26,R,L,52
willi2ct,27,R,N,52
willi2ct,28,R,N,52
willi2ct,29,R,N,52
willi2ct,30,R,N,52
willi2ct,31,R,N,52
willi2ct,32,R,N,52
willi2ct,33,R,N,52
willi2ct,34,BR,M,52
willi2ct,35,BR,N,52
willi2ct,36,BR,N,52
willi2ct,37,BL,L,52
willi2ct,38,BL,N,52
willi2ct,39,BL,N,52
willi2ct,40,BL,N,52
willi2ct,41,BL,N,52
willi2ct,42,Y,L,52
willi2ct,43,Y,L,52
willi2ct,44,Y,N,52
willi2ct,45,Y,N,52
willi2ct,46,Y,N,52
willi2ct,47,Y,N,52
willi2ct,48,Y,L,52
willi2ct,49,Y,L,52
willi2ct,50,Y,N,52
willi2ct,51,Y,N,52
willi2ct,52,Y,N,52
Gibsoncc,1,BL,N,54
Gibsoncc,2,BR,C,54
Gibsoncc,3,BL,L,54
Gibsoncc,4,R,N,54
Gibsoncc,5,O,N,54
Gibsoncc,6,O,L,54
Gibsoncc,7,R,N,54
Gibsoncc,8,O,L,54
Gibsoncc,9,BR,N,54
Gibsoncc,10,Y,C,54
Gibsoncc,11,BR,N,54
Gbsoncc,12,BR,N,54
Gibsoncc,13,BL,L,54
Gibsoncc,14,R,N,54
Gibsoncc,15,O,C,54
Gibsoncc,16,G,L,54
Gibsoncc,17,O,N,54
Gibsoncc,18,Y,N,54
Gibsoncc,19,R,N,54
Gibsoncc,20,BL,N,54
Gibsoncc,21,Y,N,54
Gibsoncc,22,O,N,54
Gibsoncc,23,G,N,54
Gibsoncc,24,O,C,54
Gibsoncc,25,BL,N,54
Gibsoncc,26,BR,N,54
Gibsoncc,27,R,L,54
Gibsoncc,28,G,N,54
Gibsoncc,29,O,N,54
Gibsoncc,30,R,N,54
Gibsoncc,31,O,N,54
Gibsoncc,32,G,L,54
Gibsoncc,33,O,N,54
Gibsoncc,34,BL,N,54
Gibsoncc,35,Y,N,54
Gibsoncc,36,Y,L,54
Gibsoncc,37,R,L,54
Gibsoncc,38,O,N,54
Gibsoncc,39,R,N,54
Gibsoncc,40,Y,M,54
Gibsoncc,41,G,L,54
Gibsoncc,42,BR,N,54
Gibsoncc,43,BL,N,54
Gibsoncc,44,BL,L,54
Gibsoncc,45,G,C,54
Gibsoncc,46,O,N,54
Gibsoncc,47,O,N,54
Gibsoncc,48,Y,L,54
Gibsoncc,49,R,N,54
Gibsoncc,50,Y,L,54
Gibsoncc,51,BR,L,54
Gibsoncc,52,R,L,54
Gibsoncc,53,G,L,54
Gibsoncc,54,G,N,54
imm,1,R,N,55
imm,2,O,N,55
imm,3,BR,N,55
imm,4,Y,C,55
imm,5,R,N,55
imm,6,BL,N,55
imm,7,O,N,55
imm,8,BR,C,55
imm,9,BL,N,55
imm,10,R,N,55
imm,11,Y,L,55
imm,12,Y,M,55
imm,13,R,N,55
imm,14,Y,N,55
imm,15,R,N,55
imm,16,G,N,55
imm,17,O,N,55
imm,18,BL,N,55
imm,19,R,N,55
imm,20,BR,N,55
imm,21,O,N,55
imm,22,R,N,55
imm,23,BR,N,55
imm,24,G,N,55
imm,25,R,C,55
imm,26,G,N,55
imm,27,Y,N,55
imm,28,R,N,55
imm,29,BL,N,55
imm,30,G,N,55
imm,31,Y,N,55
imm,32,R,N,55
imm,33,BR,N,55
imm,34,O,N,55
imm,35,BR,N,55
imm,36,R,N,55
imm,37,BR,N,55
imm,38,G,N,55
imm,39,BR,N,55
imm,40,R,N,55
imm,41,O,M,55
imm,42,BR,N,55
imm,43,Y,L,55
imm,44,O,C,55
imm,45,BR,C,55
imm,46,BL,N,55
imm,47,R,N,55
imm,48,BR,N,55
imm,49,G,N,55
imm,50,BL,N,55
imm,51,R,C,55
imm,52,O,N,55
imm,53,BL,N,55
imm,54,G,N,55
imm,55,BL,N,55
byroncr,1,G,N,47
byroncr,2,G,N,47
byroncr,3,BR,N,47
byroncr,4,BR,N,47
byroncr,5,R,N,47
byroncr,6,BR,N,47
byroncr,7,R,N,47
byroncr,8,G,N,47
byroncr,9,G,N,47
byroncr,10,BR,N,47
byroncr,11,BR,N,47
byroncr,12,G,N,47
byroncr,13,R,N,47
byroncr,14,R,N,47
byroncr,15,G,N,47
byroncr,16,BR,N,47
byroncr,17,O,N,47
byroncr,18,G,N,47
byroncr,19,BR,N,47
byroncr,20,R,N,47
byroncr,21,O,N,47
byroncr,22,BL,N,47
byroncr,23,O,N,47
byroncr,24,G,N,47
byroncr,25,BR,N,47
byroncr,26,O,N,47
byroncr,27,G,N,47
byroncr,28,BR,N,47
byroncr,29,G,L,47
byroncr,30,G,N,47
byroncr,31,R,L,47
byroncr,32,O,N,47
byroncr,33,BL,N,47
byroncr,34,BR,N,47
byroncr,35,Y,M,47
byroncr,36,Y,C,47
byroncr,37,BL,N,47
byroncr,38,BL,N,47
byroncr,39,BL,N,47
byroncr,40,O,N,47
byroncr,41,BL,L,47
byroncr,42,BL,N,47
byroncr,43,Y,C,47
byroncr,44,BL,N,47
byroncr,45,BL,N,47
byroncr,46,G,N,47
byroncr,47,BL,C,47
robertqp,1,BL,N,54
robertqp,2,BL,N,54
robertqp,3,BL,N,54
robertqp,4,BL,L,54
robertqp,5,BL,N,54
robertqp,6,BL,N,54
robertqp,7,BL,N,54
robertqp,8,BL,L,54
robertqp,9,BL,N,54
robertqp,10,BL,N,54
robertqp,11,BL,N,54
robertqp,12,BL,N,54
robertqp,13,BL,N,54
robertqp,14,BL,N,54
robertqp,15,O,N,54
robertqp,16,O,N,54
robertqp,17,O,N,54
robertqp,18,O,N,54
robertqp,19,O,N,54
robertqp,20,O,N,54
robertqp,21,O,L,54
robertqp,22,O,N,54
robertqp,23,O,N,54
robertqp,24,O,N,54
robertqp,25,O,N,54
robertqp,26,O,N,54
robertqp,27,O,N,54
robertqp,28,O,N,54
robertqp,29,O,N,54
robertqp,30,R,L,54
robertqp,31,R,N,54
robertqp,32,R,N,54
robertqp,33,R,N,54
robertqp,34,Y,M,54
robertqp,35,Y,N,54
robertqp,36,Y,C,54
robertqp,37,Y,N,54
robertqp,38,BR,L,54
robertqp,39,BR,N,54
robertqp,40,BR,N,54
robertqp,41,BR,N,54
robertqp,42,BR,N,54
robertqp,43,G,N,54
robertqp,44,G,N,54
robertqp,45,G,N,54
robertqp,46,G,N,54
robertqp,47,G,N,54
robertqp,48,G,N,54
robertqp,49,G,N,54
robertqp,50,G,N,54
robertqp,51,G,N,54
robertqp,52,G,N,54
robertqp,53,G,N,54
robertqp,54,G,N,54
dorse2je,1,G,N,54
dorse2je,2,BR,L,54
dorse2je,3,Y,M,54
dorse2je,4,R,M,54
dorse2je,5,O,N,54
dorse2je,6,O,L,54
dorse2je,7,O,L,54
dorse2je,8,R,L,54
dorse2je,9,O,N,54
dorse2je,10,O,N,54
dorse2je,11,O,N,54
dorse2je,12,O,N,54
dorse2je,13,O,N,54
dorse2je,14,O,N,54
dorse2je,15,O,N,54
dorse2je,16,O,N,54
dorse2je,17,O,N,54
dorse2je,18,O,N,54
dorse2je,19,O,L,54
dorse2je,20,O,L,54
dorse2je,21,R,N,54
dorse2je,22,R,L,54
dorse2je,23,R,L,54
dorse2je,24,R,L,54
dorse2je,25,BL,N,54
dorse2je,26,BL,N,54
dorse2je,27,BL,L,54
dorse2je,28,BL,L,54
dorse2je,29,BL,L,54
dorse2je,30,BL,L,54
dorse2je,31,Y,N,54
dorse2je,32,Y,N,54
dorse2je,33,Y,N,54
dorse2je,34,Y,N,54
dorse2je,35,Y,N,54
dorse2je,36,Y,N,54
dorse2je,37,Y,L,54
dorse2je,38,Y,L,54
dorse2je,39,BR,N,54
dorse2je,40,BR,L,54
dorse2je,41,BR,L,54
dorse2je,42,BR,L,54
dorse2je,43,BR,L,54
dorse2je,44,BR,L,54
dorse2je,45,G,N,54
dorse2je,46,G,N,54
dorse2je,47,G,N,54
dorse2je,48,G,N,54
dorse2je,49,G,L,54
dorse2je,50,G,L,54
dorse2je,51,G,L,54
dorse2je,52,G,L,54
dorse2je,53,G,L,54
dorse2je,54,G,L,54
willi6jr,1,G,N,53
willi6jr,2,BL,N,53
willi6jr,3,O,L,53
willi6jr,4,O,L,53
willi6jr,5,R,N,53
willi6jr,6,O,N,53
willi6jr,7,O,N,53
willi6jr,8,R,N,53
willi6jr,9,R,N,53
willi6jr,10,R,L,53
willi6jr,11,R,N,53
willi6jr,12,Y,L,53
willi6jr,13,G,L,53
willi6jr,14,O,L,53
willi6jr,15,O,L,53
willi6jr,16,BL,N,53
willi6jr,17,BL,N,53
willi6jr,18,R,N,53
willi6jr,19,O,N,53
willi6jr,20,Y,N,53
willi6jr,21,G,L,53
willi6jr,22,R,N,53
willi6jr,23,G,L,53
willi6jr,24,BR,L,53
willi6jr,25,G,L,53
willi6jr,26,O,L,53
willi6jr,27,O,N,53
willi6jr,28,BL,N,53
willi6jr,29,BR,N,53
willi6jr,30,Y,M,53
willi6jr,31,Y,N,53
willi6jr,32,R,N,53
willi6jr,33,R,N,53
willi6jr,34,Y,N,53
willi6jr,35,O,N,53
willi6jr,36,O,N,53
willi6jr,37,BL,N,53
willi6jr,38,G,N,53
willi6jr,39,G,N,53
willi6jr,40,R,N,53
willi6jr,41,BL,L,53
willi6jr,42,BL,N,53
willi6jr,43,R,L,53
willi6jr,44,BL,L,53
willi6jr,45,Y,L,53
willi6jr,46,Y,N,53
willi6jr,47,O,N,53
willi6jr,48,O,L,53
willi6jr,49,R,N,53
willi6jr,50,BR,N,53
willi6jr,51,BR,N,53
willi6jr,52,R,L,53
willi6jr,53,BR,N,53
hillap,1,BR,L,55
hillap,2,G,L,55
hillap,3,G,L,55
hillap,4,BL,L,55
hillap,5,G,N,55
hillap,6,G,C,55
hillap,7,G,L,55
hillap,8,BL,M,55
hillap,9,G,N,55
hillap,10,O,N,55
hillap,11,BL,N,55
hillap,12,BL,C,55
hillap,13,BL,N,55
hillap,14,O,N,55
hillap,15,R,L,55
hillap,16,O,N,55
hillap,17,G,L,55
hillap,18,G,N,55
hillap,19,Y,L,55
hillap,20,BR,L,55
hillap,21,BR,N,55
hillap,22,Y,L,55
hillap,23,BL,N,55
hillap,24,R,L,55
hillap,25,R,N,55
hillap,26,O,N,55
hillap,27,Y,L,55
hillap,28,O,N,55
hillap,29,O,N,55
hillap,30,BR,N,55
hillap,31,BR,N,55
hillap,32,BL,L,55
hillap,33,BL,L,55
hillap,34,Y,N,55
hillap,35,O,N,55
hillap,36,Y,L,55
hillap,37,G,L,55
hillap,38,G,N,55
hillap,39,BR,L,55
hillap,40,R,L,55
hillap,41,R,N,55
hillap,42,BL,L,55
hillap,43,G,N,55
hillap,44,Y,N,55
hillap,45,R,L,55
hillap,46,BR,C,55
hillap,47,BR,L,55
hillap,48,G,N,55
hillap,49,G,L,55
hillap,50,G,L,55
hillap,51,BR,N,55
hillap,52,O,L,55
hillap,53,G,N,55
hillap,54,R,N,55
hillap,55,BR,N,55
lansincx,1,Y,N,50
lansincx,2,BR,N,50
lansincx,3,BL,N,50
lansincx,4,BL,N,50
lansincx,5,G,N,50
lansincx,6,BL,L,50
lansincx,7,Y,L,50
lansincx,8,BR,N,50
lansincx,9,R,N,50
lansincx,10,BL,N,50
lansincx,11,Y,N,50
lansincx,12,G,N,50
lansincx,13,G,N,50
lansincx,14,O,M,50
lansincx,15,BL,L,50
lansincx,16,O,N,50
lansincx,17,G,C,50
lansincx,18,BR,L,50
lansincx,19,R,N,50
lansincx,20,R,N,50
lansincx,21,BL,L,50
lansincx,22,G,L,50
lansincx,23,R,N,50
lansincx,24,O,N,50
lansincx,25,BL,L,50
lansincx,26,G,N,50
lansincx,27,BL,L,50
lansincx,28,G,N,50
lansincx,29,O,N,50
lansincx,30,G,N,50
lansincx,31,Y,L,50
lansincx,32,O,N,50
lansincx,33,BL,L,50
lansincx,34,G,N,50
lansincx,35,G,N,50
lansincx,36,G,L,50
lansincx,37,G,L,50
lansincx,38,Y,L,50
lansincx,39,G,L,50
lansincx,40,G,L,50
lansincx,41,G,L,50
lansincx,42,Y,M,50
lansincx,43,BL,M,50
lansincx,44,G,N,50
lansincx,45,R,N,50
lansincx,46,G,N,50
lansincx,47,BL,N,50
lansincx,48,Y,L,50
lansincx,49,Y,N,50
lansincx,50,BL,N,50
thom22ml,1,R,L,55
thom22ml,2,R,N,55
thom22ml,3,O,N,55
thom22ml,4,G,L,55
thom22ml,5,G,N,55
thom22ml,6,G,M,55
thom22ml,7,Y,L,55
thom22ml,8,O,L,55
thom22ml,9,BL,L,55
thom22ml,10,R,N,55
thom22ml,11,BR,L,55
thom22ml,12,BR,M,55
thom22ml,13,R,M,55
thom22ml,14,Y,N,55
thom22ml,15,O,L,55
thom22ml,16,Y,N,55
thom22ml,17,R,N,55
thom22ml,18,O,L,55
thom22ml,19,Y,M,55
thom22ml,20,BR,M,55
thom22ml,21,R,M,55
thom22ml,22,G,L,55
thom22ml,23,G,N,55
thom22ml,24,R,L,55
thom22ml,25,Y,N,55
thom22ml,26,R,L,55
thom22ml,27,O,N,55
thom22ml,28,R,N,55
thom22ml,29,G,N,55
thom22ml,30,Y,N,55
thom22ml,31,G,C,55
thom22ml,32,O,N,55
thom22ml,33,G,L,55
thom22ml,34,O,N,55
thom22ml,35,G,N,55
thom22ml,36,BR,M,55
thom22ml,37,Y,N,55
thom22ml,38,O,N,55
thom22ml,39,O,N,55
thom22ml,40,BL,L,55
thom22ml,41,Y,M,55
thom22ml,42,O,N,55
thom22ml,43,G,C,55
thom22ml,44,BL,L,55
thom22ml,45,O,L,55
thom22ml,46,BL,M,55
thom22ml,47,O,N,55
thom22ml,48,O,M,55
thom22ml,49,O,N,55
thom22ml,50,BL,L,55
thom22ml,51,Y,L,55
thom22ml,52,BL,C,55
thom22ml,53,G,L,55
thom22ml,54,BL,L,55
thom22ml,55,G,L,55
lundea,1,R,N,52
lundea,2,BL,N,52
lundea,3,BR,N,52
lundea,4,R,N,52
lundea,5,O,L,52
lundea,6,Y,C,52
lundea,7,G,N,52
lundea,8,BR,N,52
lundea,9,BR,N,52
lundea,10,Y,N,52
lundea,11,G,N,52
lundea,12,BL,N,52
lundea,13,R,N,52
lundea,14,O,N,52
lundea,15,O,N,52
lundea,16,O,N,52
lundea,17,BL,N,52
lundea,18,BR,L,52
lundea,19,Y,N,52
lundea,20,O,C,52
lundea,21,O,N,52
lundea,22,BL,N,52
lundea,23,BR,N,52
lundea,24,Y,M,52
lundea,25,Y,L,52
lundea,26,BL,N,52
lundea,27,O,N,52
lundea,28,BL,N,52
lundea,29,BR,N,52
lundea,30,G,N,52
lundea,31,BR,N,52
lundea,32,G,N,52
lundea,33,BR,M,52
lundea,34,O,N,52
lundea,35,Y,N,52
lundea,36,BR,N,52
lundea,37,O,L,52
lundea,38,BL,L,52
lundea,39,G,L,52
lundea,40,R,L,52
lundea,41,BL,N,52
lundea,42,BR,L,52
lundea,43,G,N,52
lundea,44,Y,N,52
lundea,45,Y,N,52
lundea,46,BL,N,52
lundea,47,G,N,52
lundea,48,O,N,52
lundea,49,Y,L,52
lundea,50,G,N,52
lundea,51,BL,N,52
lundea,52,BL,L,52
murphynm,1,G,N,53
murphynm,2,Y,L,53
murphynm,3,Y,N,53
murphynm,4,R,N,53
murphynm,5,BR,N,53
murphynm,6,G,N,53
murphynm,7,Y,N,53
murphynm,8,G,N,53
murphynm,9,O,N,53
murphynm,10,BR,N,53
murphynm,11,BL,N,53
murphynm,12,O,N,53
murphynm,13,Y,N,53
murphynm,14,BL,N,53
murphynm,15,R,N,53
murphynm,16,G,N,53
murphynm,17,G,C,53
murphynm,18,O,N,53
murphynm,19,Y,N,53
murphynm,20,G,N,53
murphynm,21,G,L,53
murphynm,22,BL,L,53
murphynm,23,R,L,53
murphynm,24,Y,L,53
murphynm,25,G,N,53
murphynm,26,O,L,53
murphynm,27,BL,N,53
murphynm,28,O,N,53
murphynm,29,R,N,53
murphynm,30,BL,L,53
murphynm,31,Y,N,53
murphynm,32,G,N,53
murphynm,33,O,N,53
murphynm,34,O,N,53
murphynm,35,BL,N,53
murphynm,36,G,L,53
murphynm,37,Y,N,53
murphynm,38,O,N,53
murphynm,39,R,N,53
murphynm,40,R,L,53
murphynm,41,R,L,53
murphynm,42,G,N,53
murphynm,43,G,N,53
murphynm,44,O,L,53
murphynm,45,NA,N,53
murphynm,46,Y,N,53
murphynm,47,O,L,53
murphynm,48,Y,L,53
murphynm,49,BL,N,53
murphynm,50,R,N,53
murphynm,51,R,L,53
murphynm,52,O,L,53
murphynm,53,BR,L,53
wamplejx,1,G,L,54
wamplejx,2,O,L,54
wamplejx,3,BL,N,54
wamplejx,4,O,C,54
wamplejx,5,Y,C,54
wamplejx,6,BL,N,54
wamplejx,7,G,N,54
wamplejx,8,R,N,54
wamplejx,9,BR,L,54
wamplejx,10,Y,L,54
wamplejx,11,R,N,54
wamplejx,12,Y,N,54
wamplejx,13,Y,N,54
wamplejx,14,BL,N,54
wamplejx,15,G,N,54
wamplejx,16,BR,N,54
wamplejx,17,R,L,54
wamplejx,18,Y,N,54
wamplejx,19,G,L,54
wamplejx,20,BR,L,54
wamplejx,21,BL,L,54
wamplejx,22,R,N,54
wamplejx,23,O,N,54
wamplejx,24,O,N,54
wamplejx,25,BR,N,54
wamplejx,26,G,L,54
wamplejx,27,Y,N,54
wamplejx,28,Y,N,54
wamplejx,29,R,N,54
wamplejx,30,G,M,54
wamplejx,31,O,N,54
wamplejx,32,BL,L,54
wamplejx,33,BL,L,54
wamplejx,34,O,N,54
wamplejx,35,Y,N,54
wamplejx,36,G,L,54
wamplejx,37,BL,L,54
wamplejx,38,BL,L,54
wamplejx,39,R,L,54
wamplejx,40,Y,M,54
wamplejx,41,BL,C,54
wamplejx,42,G,L,54
wamplejx,43,BL,L,54
wamplejx,44,BL,L,54
wamplejx,45,G,N,54
wamplejx,46,BR,L,54
wamplejx,47,G,L,54
wamplejx,48,G,L,54
wamplejx,49,BL,N,54
wamplejx,50,G,N,54
wamplejx,51,R,N,54
wamplejx,52,BL,N,54
wamplejx,53,G,N,54
wamplejx,54,G,N,54
bowenee,1,BL,N,56
bowenee,2,BR,N,56
bowenee,3,BL,N,56
bowenee,4,G,N,56
bowenee,5,Y,C,56
bowenee,6,O,N,56
bowenee,7,BL,N,56
bowenee,8,R,L,56
bowenee,9,O,C,56
bowenee,10,BR,C,56
bowenee,11,G,N,56
bowenee,12,Y,N,56
bowenee,13,R,N,56
bowenee,14,BL,L,56
bowenee,15,BR,N,56
bowenee,16,Y,C,56
bowenee,17,O,N,56
bowenee,18,R,N,56
bowenee,19,G,N,56
bowenee,20,BL,N,56
bowenee,21,BR,N,56
bowenee,22,R,N,56
bowenee,23,BR,N,56
bowenee,24,BL,L,56
bowenee,25,Y,C,56
bowenee,26,BR,L,56
bowenee,27,BL,N,56
bowenee,28,G,N,56
bowenee,29,O,N,56
bowenee,30,R,N,56
bowenee,31,BR,N,56
bowenee,32,BL,C,56
bowenee,33,Y,N,56
bowenee,34,R,N,56
bowenee,35,BR,N,56
bowenee,36,Y,N,56
bowenee,37,R,N,56
bowenee,38,O,N,56
bowenee,39,BL,L,56
bowenee,40,G,N,56
bowenee,41,R,N,56
bowenee,42,Y,N,56
bowenee,43,BR,C,56
bowenee,44,G,L,56
bowenee,45,BL,N,56
bowenee,46,R,N,56
bowenee,47,BR,N,56
bowenee,48,R,N,56
bowenee,49,BL,N,56
bowenee,50,G,N,56
bowenee,51,O,C,56
bowenee,52,Y,N,56
bowenee,53,BL,N,56
bowenee,54,R,L,56
bowenee,55,BR,N,56
bowenee,56,O,N,56
berninns,1,BR,L,52
berninns,2,R,N,52
berninns,3,G,N,52
berninns,4,BL,N,52
berninns,5,Y,L,52
berninns,6,R,M,52
berninns,7,BL,L,52
berninns,8,BR,N,52
berninns,9,BL,L,52
berninns,10,R,L,52
berninns,11,R,M,52
berninns,12,Y,N,52
berninns,13,G,L,52
berninns,14,R,M,52
berninns,15,Y,C,52
berninns,16,Y,M,52
berninns,17,BL,N,52
berninns,18,Y,C,52
berninns,19,G,N,52
berninns,20,G,C,52
berninns,21,Y,L,52
berninns,22,BL,N,52
berninns,23,G,N,52
berninns,24,Y,L,52
berninns,25,O,C,52
berninns,26,BR,N,52
berninns,27,O,L,52
berninns,28,O,N,52
berninns,29,G,C,52
berninns,30,Y,L,52
berninns,31,O,N,52
berninns,32,O,L,52
berninns,33,G,L,52
berninns,34,BL,N,52
berninns,35,O,M,52
berninns,36,O,N,52
berninns,37,Y,L,52
berninns,38,BR,L,52
berninns,39,O,N,52
berninns,40,G,L,52
berninns,41,BL,N,52
berninns,42,O,N,52
berninns,43,BL,L,52
berninns,44,O,N,52
berninns,45,BR,L,52
berninns,46,O,N,52
berninns,47,G,C,52
berninns,48,BL,M,52
berninns,49,BR,N,52
berninns,50,Y,L,52
berninns,51,O,M,52
berninns,52,O,C,52
campb2za,1,BL,N,52
campb2za,2,BL,N,52
campb2za,3,BL,N,52
campb2za,4,BR,L,52
campb2za,5,BL,N,52
campb2za,6,Y,C,52
campb2za,7,BR,N,52
campb2za,8,G,N,52
campb2za,9,G,N,52
campb2za,10,R,N,52
campb2za,11,BR,L,52
campb2za,12,G,L,52
campb2za,13,O,N,52
campb2za,14,R,L,52
campb2za,15,Y,N,52
campb2za,16,R,L,52
campb2za,17,G,L,52
campb2za,18,BR,N,52
campb2za,19,G,N,52
campb2za,20,Y,L,52
campb2za,21,O,N,52
campb2za,22,BL,N,52
campb2za,23,BL,N,52
campb2za,24,BL,N,52
campb2za,25,BL,N,52
campb2za,26,BL,N,52
campb2za,27,BL,N,52
campb2za,28,BL,N,52
campb2za,29,BL,N,52
campb2za,30,BL,N,52
campb2za,31,BL,L,52
campb2za,32,BL,L,52
campb2za,33,BL,L,52
campb2za,34,BL,L,52
campb2za,35,BL,L,52
campb2za,36,BL,L,52
campb2za,37,G,N,52
campb2za,38,G,N,52
campb2za,39,G,N,52
campb2za,40,G,N,52
campb2za,41,G,N,52
campb2za,42,R,L,52
campb2za,43,R,L,52
campb2za,44,R,L,52
campb2za,45,O,N,52
campb2za,46,O,N,52
campb2za,47,O,N,52
campb2za,48,O,L,52
campb2za,49,BR,N,52
campb2za,50,BR,N,52
campb2za,51,BR,N,52
campb2za,52,Y,C,52
beidasns,1,Y,N,50
beidasns,2,Y,N,50
beidasns,3,Y,N,50
beidasns,4,Y,N,50
beidasns,5,Y,M,50
beidasns,6,Y,N,50
beidasns,7,Y,N,50
beidasns,8,Y,L,50
beidasns,9,Y,N,50
beidasns,10,Y,N,50
beidasns,11,Y,L,50
beidasns,12,R,L,50
beidasns,13,R,L,50
beidasns,14,R,L,50
beidasns,15,R,N,50
beidasns,16,R,N,50
beidasns,17,R,N,50
beidasns,18,R,N,50
beidasns,19,O,N,50
beidasns,20,O,N,50
beidasns,21,O,M,50
beidasns,22,O,L,50
beidasns,23,O,N,50
beidasns,24,O,N,50
beidasns,25,O,N,50
beidasns,26,O,N,50
beidasns,27,O,N,50
beidasns,28,BL,N,50
beidasns,29,BL,N,50
beidasns,30,BL,N,50
beidasns,31,BL,L,50
beidasns,32,BR,L,50
beidasns,33,BR,N,50
beidasns,34,BR,N,50
beidasns,35,BR,N,50
beidasns,36,BR,L,50
beidasns,37,G,L,50
beidasns,38,G,L,50
beidasns,39,G,N,50
beidasns,40,G,N,50
beidasns,41,G,N,50
beidasns,42,G,L,50
beidasns,43,G,L,50
beidasns,44,G,L,50
beidasns,45,G,L,50
beidasns,46,G,N,50
beidasns,47,G,N,50
beidasns,48,G,N,50
beidasns,49,G,N,50
beidasns,50,G,N,50
colli4tm,1,G,L,56
colli4tm,2,O,N,56
colli4tm,3,BL,L,56
colli4tm,4,O,N,56
colli4tm,5,R,N,56
colli4tm,6,O,N,56
colli4tm,7,O,M,56
colli4tm,8,BL,N,56
colli4tm,9,BL,N,56
colli4tm,10,Y,N,56
colli4tm,11,Y,L,56
colli4tm,12,BL,N,56
colli4tm,13,Y,L,56
colli4tm,14,BR,N,56
colli4tm,15,G,L,56
colli4tm,16,G,L,56
colli4tm,17,Y,N,56
colli4tm,18,G,L,56
colli4tm,19,O,L,56
colli4tm,20,R,N,56
colli4tm,21,BL,N,56
colli4tm,22,R,L,56
colli4tm,23,BL,N,56
colli4tm,24,Y,N,56
colli4tm,25,R,L,56
colli4tm,26,R,N,56
colli4tm,27,Y,N,56
colli4tm,28,G,L,56
colli4tm,29,Y,L,56
colli4tm,30,O,L,56
colli4tm,31,BR,N,56
colli4tm,32,O,L,56
colli4tm,33,Y,L,56
colli4tm,34,G,N,56
colli4tm,35,O,N,56
colli4tm,36,BL,L,56
colli4tm,37,G,L,56
colli4tm,38,O,N,56
colli4tm,39,G,N,56
colli4tm,40,R,N,56
colli4tm,41,BR,N,56
colli4tm,42,R,L,56
colli4tm,43,G,N,56
colli4tm,44,R,N,56
colli4tm,45,O,N,56
colli4tm,46,G,L,56
colli4tm,47,G,N,56
colli4tm,48,Y,N,56
colli4tm,49,BL,N,56
colli4tm,50,G,N,56
colli4tm,51,O,L,56
colli4tm,52,Y,L,56
colli4tm,53,O,N,56
colli4tm,54,O,N,56
colli4tm,55,NA,L,56
colli4tm,56,R,N,56
taylo2dc,1,R,L,53
taylo2dc,2,G,N,53
taylo2dc,3,BL,N,53
taylo2dc,4,R,L,53
taylo2dc,5,G,N,53
taylo2dc,6,G,N,53
taylo2dc,7,O,L,53
taylo2dc,8,R,L,53
taylo2dc,9,BL,N,53
taylo2dc,10,BR,C,53
taylo2dc,11,BL,L,53
taylo2dc,12,BL,N,53
taylo2dc,13,BL,L,53
taylo2dc,14,R,N,53
taylo2dc,15,Y,N,53
taylo2dc,16,Y,N,53
taylo2dc,17,Y,N,53
taylo2dc,18,R,N,53
taylo2dc,19,G,L,53
taylo2dc,20,Y,N,53
taylo2dc,21,BR,N,53
taylo2dc,22,R,N,53
taylo2dc,23,BL,N,53
taylo2dc,24,BL,N,53
taylo2dc,25,O,N,53
taylo2dc,26,O,N,53
taylo2dc,27,BL,N,53
taylo2dc,28,O,N,53
taylo2dc,29,Y,L,53
taylo2dc,30,Y,L,53
taylo2dc,31,G,N,53
taylo2dc,32,G,N,53
taylo2dc,33,G,N,53
taylo2dc,34,BL,N,53
taylo2dc,35,BR,N,53
taylo2dc,36,BL,N,53
taylo2dc,37,O,N,53
taylo2dc,38,O,N,53
taylo2dc,39,Y,N,53
taylo2dc,40,BL,N,53
taylo2dc,41,O,N,53
taylo2dc,42,R,L,53
taylo2dc,43,Y,N,53
taylo2dc,44,Y,L,53
taylo2dc,45,O,N,53
taylo2dc,46,O,N,53
taylo2dc,47,O,N,53
taylo2dc,48,BR,N,53
taylo2dc,49,BL,N,53
taylo2dc,50,G,N,53
taylo2dc,51,O,N,53
taylo2dc,52,NA,N,53
taylo2dc,53,O,N,53
slaneyzc,1,Y,N,54
slaneyzc,2,BL,N,54
slaneyzc,3,BL,N,54
slaneyzc,4,G,N,54
slaneyzc,5,Y,N,54
slaneyzc,6,BL,N,54
slaneyzc,7,BR,N,54
slaneyzc,8,BR,N,54
slaneyzc,9,G,N,54
slaneyzc,10,BR,N,54
slaneyzc,11,O,N,54
slaneyzc,12,R,C,54
slaneyzc,13,O,L,54
slaneyzc,14,BL,L,54
slaneyzc,15,BL,L,54
slaneyzc,16,G,L,54
slaneyzc,17,Y,N,54
slaneyzc,18,BR,N,54
slaneyzc,19,BL,N,54
slaneyzc,20,Y,N,54
slaneyzc,21,O,N,54
slaneyzc,22,R,N,54
slaneyzc,23,BR,N,54
slaneyzc,24,BL,L,54
slaneyzc,25,G,N,54
slaneyzc,26,G,N,54
slaneyzc,27,BR,N,54
slaneyzc,28,BL,N,54
slaneyzc,29,Y,N,54
slaneyzc,30,BL,N,54
slaneyzc,31,BR,N,54
slaneyzc,32,Y,N,54
slaneyzc,33,BL,N,54
slaneyzc,34,G,N,54
slaneyzc,35,BR,N,54
slaneyzc,36,BL,N,54
slaneyzc,37,BR,N,54
slaneyzc,38,BL,L,54
slaneyzc,39,Y,N,54
slaneyzc,40,R,N,54
slaneyzc,41,BL,N,54
slaneyzc,42,BL,N,54
slaneyzc,43,BL,N,54
slaneyzc,44,O,N,54
slaneyzc,45,G,N,54
slaneyzc,46,Y,N,54
slaneyzc,47,BR,N,54
slaneyzc,48,G,N,54
slaneyzc,49,O,N,54
slaneyzc,50,Y,N,54
slaneyzc,51,BR,N,54
slaneyzc,52,BR,N,54
slaneyzc,53,BL,N,54
slaneyzc,54,G,N,54
benedeje,1,BL,N,55
benedeje,2,G,C,55
benedeje,3,BL,N,55
benedeje,4,G,N,55
benedeje,5,BR,C,55
benedeje,6,Y,N,55
benedeje,7,G,N,55
benedeje,8,R,L,55
benedeje,9,BL,N,55
benedeje,10,BL,L,55
benedeje,11,Y,N,55
benedeje,12,G,N,55
benedeje,13,O,N,55
benedeje,14,BR,L,55
benedeje,15,BL,N,55
benedeje,16,BL,L,55
benedeje,17,Y,L,55
benedeje,18,R,M,55
benedeje,19,BL,C,55
benedeje,20,O,L,55
benedeje,21,R,N,55
benedeje,22,BL,N,55
benedeje,23,R,N,55
benedeje,24,O,N,55
benedeje,25,BL,N,55
benedeje,26,Y,N,55
benedeje,27,BR,N,55
benedeje,28,O,N,55
benedeje,29,BL,N,55
benedeje,30,Y,N,55
benedeje,31,O,N,55
benedeje,32,BR,N,55
benedeje,33,G,M,55
benedeje,34,Y,N,55
benedeje,35,BL,L,55
benedeje,36,BL,N,55
benedeje,37,O,N,55
benedeje,38,R,N,55
benedeje,39,Y,N,55
benedeje,40,BL,L,55
benedeje,41,BL,L,55
benedeje,42,R,L,55
benedeje,43,BR,L,55
benedeje,44,O,L,55
benedeje,45,G,N,55
benedeje,46,BL,N,55
benedeje,47,Y,N,55
benedeje,48,O,N,55
benedeje,49,G,N,55
benedeje,50,Y,L,55
benedeje,51,O,L,55
benedeje,52,BL,N,55
benedeje,53,R,C,55
benedeje,54,O,N,55
benedeje,55,G,N,55
boswellh,1,O,C,58
boswellh,2,O,N,58
boswellh,3,G,N,58
boswellh,4,G,N,58
boswellh,5,G,C,58
boswellh,6,BL,N,58
boswellh,7,BL,N,58
boswellh,8,G,N,58
boswellh,9,O,N,58
boswellh,10,Y,L,58
boswellh,11,BL,N,58
boswellh,12,Y,N,58
boswellh,13,O,N,58
boswellh,14,G,L,58
boswellh,15,O,N,58
boswellh,16,BR,N,58
boswellh,17,R,N,58
boswellh,18,R,N,58
boswellh,19,O,N,58
boswellh,20,O,N,58
boswellh,21,O,N,58
boswellh,22,G,N,58
boswellh,23,R,N,58
boswellh,24,G,M,58
boswellh,25,BL,N,58
boswellh,26,G,N,58
boswellh,27,O,N,58
boswellh,28,BL,N,58
boswellh,29,G,N,58
boswellh,31,G,N,58
boswellh,32,BL,L,58
boswellh,33,BL,N,58
boswellh,34,BL,N,58
boswellh,35,G,N,58
boswellh,36,G,N,58
boswellh,37,O,N,58
boswellh,38,BL,N,58
boswellh,39,BL,N,58
boswellh,40,O,N,58
boswellh,41,R,N,58
boswellh,42,Y,N,58
boswellh,43,Y,N,58
boswellh,44,Y,N,58
boswellh,45,Y,C,58
boswellh,46,Y,N,58
boswellh,47,BR,N,58
boswellh,48,BR,N,58
boswellh,49,BR,N,58
boswellh,50,BR,N,58
boswellh,51,G,M,58
boswellh,52,BL,N,58
boswellh,53,BL,N,58
boswellh,54,O,N,58
boswellh,55,O,L,58
boswellh,56,G,L,58
boswellh,57,G,L,58
boswellh,58,G,N,58
rubinsb,1,Y,N,55
rubinsb,2,BR,N,55
rubinsb,3,BL,C,55
rubinsb,4,R,N,55
rubinsb,5,O,N,55
rubinsb,6,Y,N,55
rubinsb,7,O,N,55
rubinsb,8,O,N,55
rubinsb,9,G,C,55
rubinsb,10,BR,C,55
rubinsb,11,G,N,55
rubinsb,12,BL,N,55
rubinsb,13,R,N,55
rubinsb,14,BL,L,55
rubinsb,15,BL,N,55
rubinsb,16,BL,L,55
rubinsb,17,BR,L,55
rubinsb,18,G,C,55
rubinsb,19,R,L,55
rubinsb,20,BL,N,55
rubinsb,21,R,C,55
rubinsb,22,BR,N,55
rubinsb,23,O,N,55
rubinsb,24,O,N,55
rubinsb,25,NA,L,55
rubinsb,26,Y,M,55
rubinsb,27,BL,C,55
rubinsb,28,R,L,55
rubinsb,29,R,L,55
rubinsb,30,Y,N,55
rubinsb,31,BR,N,55
rubinsb,32,G,L,55
rubinsb,33,G,L,55
rubinsb,34,R,L,55
rubinsb,35,O,N,55
rubinsb,36,Y,L,55
rubinsb,37,O,N,55
rubinsb,38,O,N,55
rubinsb,39,Y,L,55
rubinsb,40,O,N,55
rubinsb,41,R,L,55
rubinsb,42,G,L,55
rubinsb,43,G,N,55
rubinsb,44,BL,L,55
rubinsb,45,BR,M,55
rubinsb,46,Y,N,55
rubinsb,47,Y,M,55
rubinsb,48,G,L,55
rubinsb,49,Y,N,55
rubinsb,50,Y,N,55
rubinsb,51,O,C,55
rubinsb,52,Y,L,55
rubinsb,53,BL,L,55
rubinsb,54,Y,C,55
rubinsb,55,O,L,55
civilrn,1,BL,N,54
civilrn,2,G,L,54
civilrn,3,R,L,54
civilrn,4,G,N,54
civilrn,5,Y,N,54
civilrn,6,Y,N,54
civilrn,7,O,N,54
civilrn,8,R,N,54
civilrn,9,BL,N,54
civilrn,10,BR,N,54
civilrn,11,BL,L,54
civilrn,12,Y,N,54
civilrn,13,G,L,54
civilrn,14,BL,N,54
civilrn,15,Y,N,54
civilrn,16,BR,N,54
civilrn,17,R,N,54
civilrn,18,O,L,54
civilrn,19,O,L,54
civilrn,20,BR,L,54
civilrn,21,G,M,54
civilrn,22,Y,N,54
civilrn,23,O,N,54
civilrn,24,R,L,54
civilrn,25,O,L,54
civilrn,26,Y,N,54
civilrn,27,G,L,54
civilrn,28,R,N,54
civilrn,29,BL,N,54
civilrn,30,G,N,54
civilrn,31,Y,M,54
civilrn,32,R,N,54
civilrn,33,R,N,54
civilrn,34,BL,N,54
civilrn,35,BL,N,54
civilrn,36,O,M,54
civilrn,37,Y,N,54
civilrn,38,BL,N,54
civilrn,39,O,M,54
civilrn,40,O,N,54
civilrn,41,R,L,54
civilrn,42,G,N,54
civilrn,43,R,N,54
civilrn,44,O,N,54
civilrn,45,Y,N,54
civilrn,46,G,M,54
civilrn,47,R,L,54
civilrn,48,BL,N,54
civilrn,49,O,N,54
civilrn,50,BL,N,54
civilrn,51,G,L,54
civilrn,52,R,L,54
civilrn,53,BR,N,54
civilrn,54,G,L,54
seiberbl,1,BL,L,55
seiberbl,2,Y,L,55
seiberbl,3,Y,N,55
seiberbl,4,Y,N,55
seiberbl,5,Y,L,55
seiberbl,6,G,L,55
seiberbl,7,R,N,55
seiberbl,8,O,N,55
seiberbl,9,O,N,55
seiberbl,10,R,L,55
seiberbl,11,Y,N,55
seiberbl,12,G,N,55
seiberbl,13,BL,N,55
seiberbl,14,O,N,55
seiberbl,15,BL,N,55
seiberbl,16,BR,N,55
seiberbl,17,O,L,55
seiberbl,18,O,N,55
seiberbl,19,Y,N,55
seiberbl,20,BL,L,55
seiberbl,21,G,N,55
seiberbl,22,O,N,55
seiberbl,23,BL,N,55
seiberbl,24,Y,L,55
seiberbl,25,G,N,55
seiberbl,26,BL,N,55
seiberbl,27,G,N,55
seiberbl,28,BL,N,55
seiberbl,29,G,N,55
seiberbl,30,O,N,55
seiberbl,31,BL,N,55
seiberbl,32,BR,L,55
seiberbl,33,O,N,55
seiberbl,34,BR,N,55
seiberbl,35,G,L,55
seiberbl,36,BL,L,55
seiberbl,37,BR,N,55
seiberbl,38,O,L,55
seiberbl,39,G,N,55
seiberbl,40,G,L,55
seiberbl,41,O,N,55
seiberbl,42,Y,N,55
seiberbl,43,BR,N,55
seiberbl,44,BR,L,55
seiberbl,45,BR,N,55
seiberbl,46,BL,L,55
seiberbl,47,BL,L,55
seiberbl,48,Y,L,55
seiberbl,49,O,N,55
seiberbl,50,O,C,55
seiberbl,51,BL,N,55
seiberbl,52,O,L,55
seiberbl,53,BR,N,55
seiberbl,54,BL,L,55
seiberbl,55,R,L,55
torrymj,1,O,N,56
torrymj,2,BL,L,56
torrymj,3,R,N,56
torrymj,4,Y,N,56
torrymj,5,Y,N,56
torrymj,6,G,N,56
torrymj,7,BR,L,56
torrymj,8,O,N,56
torrymj,9,R,L,56
torrymj,0,BL,N,56
torrymj,11,O,L,56
torrymj,12,G,N,56
torrymj,13,Y,N,56
torrymj,14,R,L,56
torrymj,15,R,N,56
torrymj,16,G,L,56
torrymj,17,BR,N,56
torrymj,18,Y,N,56
torrymj,19,Y,N,56
torrymj,20,BL,N,56
torrymj,21,O,L,56
torrymj,22,R,N,56
torrymj,23,G,N,56
torrymj,24,O,N,56
torrymj,25,O,N,56
torrymj,26,R,L,56
torrymj,27,O,L,56
torrymj,28,Y,N,56
torrymj,29,BL,N,56
torrymj,30,G,L,56
torrymj,31,Y,L,56
torrymj,32,BR,N,56
torrymj,33,Y,N,56
torrymj,34,G,L,56
torrymj,35,O,N,56
torrymj,36,Y,N,56
torrymj,37,O,L,56
torrymj,38,G,N,56
torrymj,39,R,N,56
torrymj,40,Y,N,56
torrymj,41,O,L,56
torrymj,42,Y,N,56
torrymj,43,O,L,56
torrymj,44,BR,L,56
torrymj,45,G,N,56
torrymj,46,Y,N,56
torrymj,47,O,N,56
torrymj,48,R,N,56
torrymj,49,O,N,56
torrymj,50,O,N,56
torrymj,51,G,L,56
torrymj,52,BL,L,56
torrymj,53,G,N,56
torrymj,54,G,N,56
torrymj,55,Y,N,56
torrymj,56,BR,N,56
khalignk,1,Y,N,56
khalignk,2,BR,N,56
khalignk,3,BL,L,56
khalignk,4,G,N,56
khalignk,5,G,L,56
khalignk,6,Y,N,56
khalignk,7,BL,L,56
khalignk,8,BL,N,56
khalignk,9,G,N,56
khalignk,10,G,N,56
khalignk,11,O,N,56
khalignk,12,Y,N,56
khalignk,13,R,N,56
khalignk,14,Y,C,56
khalignk,15,G,N,56
khalignk,16,G,N,56
khalignk,17,Y,N,56
khalignk,18,BL,L,56
khalignk,19,Y,L,56
khalignk,20,R,M,56
khalignk,21,R,L,56
khalignk,22,G,N,56
khalignk,23,O,L,56
khalignk,24,R,N,56
khalignk,25,O,N,56
khalignk,26,O,N,56
khalignk,27,R,L,56
khalignk,28,O,N,56
khalignk,29,G,N,56
khalignk,30,BR,N,56
khalignk,31,O,N,56
khalignk,32,BR,N,56
khalignk,33,O,N,56
khalignk,34,G,N,56
khalignk,35,G,N,56
khalignk,36,BL,N,56
khalignk,37,G,N,56
khalignk,38,R,L,56
khalignk,39,R,L,56
khalignk,40,BL,M,56
khalignk,41,BL,L,56
khalignk,42,R,N,56
khalignk,43,BR,L,56
khalignk,44,O,N,56
khalignk,45,R,N,56
khalignk,46,O,N,56
khalignk,47,O,L,56
khalignk,48,O,L,56
khalignk,49,G,L,56
khalignk,50,R,N,56
khalignk,51,BR,L,56
khalignk,52,Y,L,56
khalignk,53,O,N,56
khalignk,54,R,N,56
khalignk,55,G,N,56
khalignk,56,BL,N,56
holderme,1,BL,N,54
holderme,2,BL,N,54
holderme,3,BL,N,54
holderme,4,BL,N,54
holderme,5,BL,L,54
holderme,6,BL,L,54
holderme,7,BL,L,54
holderme,8,BL,N,54
holderme,9,BL,L,54
holderme,10,BL,N,54
holderme,11,BR,L,54
holderme,12,BR,C,54
holderme,13,BR,L,54
holderme,14,BR,L,54
holderme,15,G,N,54
holderme,16,G,L,54
holderme,17,G,N,54
holderme,18,G,N,54
holderme,19,G,N,54
holderme,20,G,N,54
holderme,21,G,N,54
holderme,22,O,N,54
holderme,23,O,N,54
holderme,24,O,N,54
holderme,25,O,N,54
holderme,26,O,N,54
holderme,27,O,N,54
holderme,28,O,N,54
holderme,29,O,L,54
holderme,30,O,C,54
holderme,31,O,L,54
holderme,32,O,L,54
holderme,33,Y,N,54
holderme,34,Y,N,54
holderme,35,Y,L,54
holderme,36,Y,L,54
holderme,37,Y,N,54
holderme,38,Y,L,54
holderme,39,Y,L,54
holderme,40,Y,N,54
holderme,41,Y,L,54
holderme,42,Y,N,54
holderme,43,Y,N,54
holderme,44,Y,N,54
holderme,45,Y,L,54
holderme,46,Y,L,54
holderme,47,Y,L,54
holderme,48,Y,N,54
holderme,49,R,L,54
holderme,50,R,L,54
holderme,51,R,L,54
holderme,52,R,L,54
holderme,53,R,N,54
holderme,54,R,N,54
howlanmd,1,BR,N,57
howlanmd,2,O,N,57
howlanmd,3,BL,L,57
howlanmd,4,R,C,57
howlanmd,5,Y,L,57
howlanmd,6,BR,L,57
howlanmd,7,BL,N,57
howlanmd,8,G,L,57
howlanmd,9,O,C,57
howlanmd,10,BR,N,57
howlanmd,11,Y,N,57
howlanmd,12,BR,N,57
howlanmd,13,BL,L,57
howlanmd,14,O,C,57
howlanmd,15,R,N,57
howlanmd,16,G,N,57
howlanmd,17,BL,N,57
howlanmd,18,BR,L,57
howlanmd,19,R,C,57
howlanmd,20,G,N,57
howlanmd,21,BL,L,57
howlanmd,22,O,N,57
howlanmd,23,BL,N,57
howlanmd,24,G,L,57
howlanmd,25,O,L,57
howlanmd,26,R,L,57
howlanmd,27,BL,C,57
howlanmd,28,BR,L,57
howlanmd,29,G,C,57
howlanmd,30,Y,N,57
howlanmd,31,BR,N,57
howlanmd,32,O,N,57
howlanmd,33,R,L,57
howlanmd,34,Y,N,57
howlanmd,35,G,L,57
howlanmd,36,BL,N,57
howlanmd,37,BR,N,57
howlanmd,38,G,C,57
howlanmd,39,O,N,57
howlanmd,40,Y,N,57
howlanmd,41,BL,N,57
howlanmd,42,BR,L,57
howlanmd,43,O,N,57
howlanmd,44,BL,N,57
howlanmd,45,BR,C,57
howlanmd,46,Y,N,57
howlanmd,47,G,C,57
howlanmd,48,R,N,57
howlanmd,49,O,N,57
howlanmd,50,BL,C,57
howlanmd,51,BR,L,57
howlanmd,52,O,N,57
howlanmd,53,BL,N,57
howlanmd,54,G,L,57
howlanmd,55,R,N,57
howlanmd,56,BR,L,57
howlanmd,57,Y,N,57
massieof,1,BL,M,58
massieof,2,BR,N,57
massieof,3,BL,M,57
massieof,4,BL,L,57
massieof,5,BR,C,57
massieof,6,BL,C,57
massieof,7,G,L,57
massieof,8,BR,C,57
massieof,9,BL,M,57
massieof,10,Y,C,57
massieof,11,Y,N,57
massieof,12,BL,N,57
massieof,13,G,C,57
massieof,14,R,L,57
massieof,15,R,N,57
massieof,16,R,N,57
massieof,17,R,N,57
massieof,18,BR,L,57
massieof,19,R,N,57
massieof,20,Y,C,57
massieof,21,BL,M,57
massieof,22,Y,C,57
massieof,23,BL,N,57
massieof,24,G,N,57
massieof,25,G,N,57
massieof,26,Y,C,57
massieof,27,BR,N,57
massieof,28,O,C,57
massieof,29,R,N,57
massieof,30,BL,N,57
massieof,31,BL,C,57
massieof,32,R,N,57
massieof,33,R,N,57
massieof,34,R,L,57
massieof,35,BL,C,57
massieof,36,R,L,57
massieof,37,BR,N,57
massieof,38,BL,N,57
massieof,39,BL,L,57
massieof,40,Y,C,57
massieof,41,O,N,57
massieof,42,O,C,57
massieof,43,R,N,57
massieof,44,Y,C,57
massieof,45,Y,C,57
massieof,46,Y,C,57
massieof,47,R,L,57
massieof,48,R,C,57
massieof,49,R,L,57
massieof,50,Y,C,57
massieof,51,Y,C,57
massieof,52,Y,M,57
massieof,53,BR,C,57
massieof,54,R,M,57
massieof,55,BL,N,57
massieof,56,BL,C,57
massieof,57,R,N,57
denforge,1,R,L,57
denforge,2,G,N,57
denforge,3,O,N,57
denforge,4,Y,N,57
denforge,5,O,N,57
denforge,6,O,L,57
denforge,7,O,N,57
denforge,8,O,N,57
denforge,9,Y,L,57
denforge,10,Y,N,57
denforge,11,R,L,57
denforge,12,R,C,57
denforge,13,Y,N,57
denforge,14,G,N,57
denforge,15,G,N,57
denforge,16,O,L,57
denforge,17,G,N,57
denforge,18,BL,L,57
denforge,19,O,L,57
denforge,20,BL,N,57
denforge,21,BL,N,57
denforge,22,R,L,57
denforge,23,O,L,57
denforge,24,BR,L,57
denforge,25,BR,L,57
denforge,26,BR,N,57
denforge,27,Y,L,57
denforge,28,R,L,57
denforge,29,Y,N,57
denforge,30,R,N,57
denforge,31,O,N,57
denforge,32,O,N,57
denforge,33,BR,M,57
denforge,34,BL,N,57
denforge,35,Y,N,57
denforge,36,Y,L,57
denforge,37,O,N,57
denforge,38,Y,N,57
denforge,39,BL,N,57
denforge,40,G,L,57
denforge,41,BL,L,57
denforge,42,G,L,57
denforge,43,Y,N,57
denforge,44,O,L,57
denforge,45,O,N,57
denforge,46,O,N,57
denforge,47,BR,N,57
denforge,49,BR,L,57
denforge,50,O,L,57
denforge,51,BL,L,57
denforge,52,O,L,57
denforge,53,O,N,57
denforge,54,R,L,57
denforge,55,R,L,57
denforge,56,BR,L,57
denforge,57,BL,L,57
cole2aa,1,Y,N,56
cole2aa,2,O,L,56
cole2aa,3,Y,N,56
cole2aa,4,O,L,56
cole2aa,5,O,N,56
cole2aa,6,O,N,56
cole2aa,7,G,N,56
cole2aa,8,Y,N,56
cole2aa,9,O,N,56
cole2aa,10,O,L,56
cole2aa,11,BR,N,56
cole2aa,12,G,N,56
cole2aa,13,G,N,56
cole2aa,14,R,N,56
cole2aa,15,O,N,56
cole2aa,16,O,C,56
cole2aa,17,R,N,56
cole2aa,18,Y,N,56
cole2aa,19,O,N,56
cole2aa,20,O,L,56
cole2aa,21,Y,L,56
cole2aa,22,O,N,56
cole2aa,23,BL,L,56
cole2aa,24,BL,N,56
cole2aa,25,R,N,56
cole2aa,26,R,N,56
cole2aa,27,BR,N,56
cole2aa,28,O,L,56
cole2aa,29,Y,N,56
cole2aa,30,O,N,56
cole2aa,31,BL,N,56
cole2aa,32,Y,N,56
cole2aa,33,BR,N,56
cole2aa,34,R,N,56
cole2aa,35,R,N,56
cole2aa,36,BR,M,56
cole2aa,37,O,L,56
cole2aa,38,O,N,56
cole2aa,39,BL,L,56
cole2aa,40,O,N,56
cole2aa,41,Y,N,56
cole2aa,42,Y,N,56
cole2aa,43,G,N,56
cole2aa,44,O,L,56
cole2aa,45,G,N,56
cole2aa,46,O,L,56
cole2aa,47,BL,N,56
cole2aa,48,Y,N,56
cole2aa,49,BL,N,56
cole2aa,50,BR,N,56
cole2aa,51,BR,L,56
cole2aa,52,BL,L,56
cole2aa,53,G,N,56
cole2aa,54,R,N,56
cole2aa,55,G,N,56
cole2aa,56,R,N,56
hokedm,1,BL,N,54
hokedm,2,BL,N,54
hokedm,3,BR,L,54
hokedm,4,BR,C,54
hokedm,5,Y,C,54
hokedm,6,Y,L,54
hokedm,7,BR,N,54
hokedm,8,BL,N,54
hokedm,9,G,N,54
hokedm,10,O,N,54
hokedm,11,BL,N,54
hokedm,12,Y,L,54
hokedm,13,Y,L,54
hokedm,14,BL,N,54
hokedm,15,R,N,54
hokedm,16,BR,L,54
hokedm,17,R,N,54
hokedm,18,BL,N,54
hokedm,19,G,C,54
hokedm,20,G,N,54
hokedm,21,R,N,54
hokedm,22,O,N,54
hokedm,23,BL,C,54
hokedm,24,G,N,54
hokedm,25,O,L,54
hokedm,26,R,N,54
hokedm,27,O,N,54
hokedm,28,Y,N,54
hokedm,29,R,N,54
hokedm,30,BL,L,54
hokedm,31,R,N,54
hokedm,32,G,N,54
hokedm,33,Y,L,54
hokedm,34,R,N,54
hokedm,35,Y,L,54
hokedm,36,O,N,54
hokedm,37,BL,L,54
hokedm,38,G,L,54
hokedm,39,G,N,54
hokedm,40,O,N,54
hokedm,41,O,L,54
hokedm,42,O,N,54
hokedm,43,O,N,54
hokedm,44,Y,L,54
hokedm,45,O,N,54
hokedm,46,Y,N,54
hokedm,47,Y,N,54
hokedm,48,R,N,54
hokedm,49,BL,N,54
hokedm,50,Y,N,54
hokedm,51,Y,N,54
hokedm,52,Y,L,54
hokedm,53,BR,C,54
hokedm,54,G,L,54
rosalecp,1,O,N,55
rosalecp,2,BL,N,55
rosalecp,3,BR,C,55
rosalecp,4,BL,C,55
rosalecp,5,O,N,55
rosalecp,6,BR,L,55
rosalecp,7,G,N,55
rosalecp,8,O,M,55
rosalecp,9,G,L,55
rosalecp,10,Y,L,55
rosalecp,11,BR,N,55
rosalecp,12,O,N,55
rosalecp,13,R,N,55
rosalecp,14,BR,N,55
rosalecp,15,BR,N,55
rosalecp,16,BR,N,55
rosalecp,17,R,N,55
rosalecp,18,NA,L,55
rosalecp,19,G,N,55
rosalecp,20,G,N,55
rosalecp,21,BR,N,55
rosalecp,22,R,N,55
rosalecp,23,BL,N,55
rosalecp,24,O,L,55
rosalecp,25,BL,N,55
rosalecp,26,Y,M,55
rosalecp,27,G,N,55
rosalecp,28,G,N,55
rosalecp,29,Y,N,55
rosalecp,30,R,N,55
rosalecp,31,Y,M,55
rosalecp,32,BR,N,55
rosalecp,33,O,N,55
rosalecp,34,R,M,55
rosalecp,35,R,N,55
rosalecp,36,BL,N,55
rosalecp,37,R,M,55
rosalecp,38,R,M,55
rosalecp,39,BL,N,55
rosalecp,40,O,N,55
rosalecp,41,BL,L,55
rosalecp,42,O,L,55
rosalecp,43,G,N,55
rosalecp,44,Y,N,55
rosalecp,45,BR,N,55
rosalecp,46,BL,M,55
rosalecp,47,O,N,55
rosalecp,48,R,N,55
rosalecp,49,BL,N,55
rosalecp,50,G,N,55
rosalecp,51,Y,L,55
rosalecp,52,O,N,55
rosalecp,53,BL,N,55
rosalecp,54,Y,N,55
rosalecp,55,BL,N,55
haji2sy,1,BL,N,55
haji2sy,2,Y,N,55
haji2sy,3,G,N,55
haji2sy,4,O,N,55
haji2sy,5,O,N,55
haji2sy,6,O,C,55
haji2sy,7,G,N,55
haji2sy,8,BR,N,55
haji2sy,9,BL,L,55
haji2sy,10,BL,M,55
haji2sy,11,BR,M,55
haji2sy,12,R,C,55
haji2sy,13,R,N,55
haji2sy,14,G,C,55
haji2sy,15,O,C,55
haji2sy,16,Y,N,55
haji2sy,17,Y,N,55
haji2sy,18,O,C,55
haji2sy,19,G,L,55
haji2sy,20,G,L,55
haji2sy,21,R,L,55
haji2sy,22,BL,M,55
haji2sy,23,BR,N,55
haji2sy,24,Y,N,55
haji2sy,25,O,N,55
haji2sy,26,Y,N,55
haji2sy,27,G,N,55
haji2sy,28,BR,N,55
haji2sy,29,BR,N,55
haji2sy,30,G,N,55
haji2sy,31,G,N,55
haji2sy,32,R,N,55
haji2sy,33,R,N,55
haji2sy,34,BL,N,55
haji2sy,35,BL,C,55
haji2sy,36,BR,C,55
haji2sy,37,R,N,55
haji2sy,38,G,N,55
haji2sy,39,Y,N,55
haji2sy,40,Y,L,55
haji2sy,41,Y,M,55
haji2sy,42,O,M,55
haji2sy,43,G,N,55
haji2sy,44,BR,N,55
haji2sy,45,BR,N,55
haji2sy,46,BL,N,55
haji2sy,47,R,C,55
haji2sy,48,BL,C,55
haji2sy,49,BL,N,55
haji2sy,50,R,N,55
haji2sy,51,G,N,55
haji2sy,52,R,L,55
haji2sy,53,Y,C,55
haji2sy,54,Y,N,55
haji2sy,55,Y,N,55
forbe2la,1,BL,N,48
forbe2la,2,R,L,48
forbe2la,3,O,N,48
forbe2la,4,R,C,48
forbe2la,5,O,M,48
forbe2la,6,R,N,48
forbe2la,7,BL,N,48
forbe2la,8,O,L,48
forbe2la,9,Y,N,48
forbe2la,10,R,N,48
forbe2la,11,R,N,48
forbe2la,12,BL,L,48
forbe2la,13,R,N,48
forbe2la,14,G,N,48
forbe2la,15,BL,N,48
forbe2la,16,R,L,48
forbe2la,17,G,N,48
forbe2la,18,G,N,48
forbe2la,19,R,N,48
forbe2la,20,G,N,48
forbe2la,21,R,L,48
forbe2la,22,G,N,48
forbe2la,23,R,N,48
forbe2la,24,Y,L,48
forbe2la,25,Y,N,48
forbe2la,26,BL,L,48
forbe2la,27,R,L,48
forbe2la,28,G,N,48
forbe2la,29,G,C,48
forbe2la,30,G,L,48
forbe2la,31,O,N,48
forbe2la,32,BL,L,48
forbe2la,33,BL,L,48
forbe2la,34,Y,N,48
forbe2la,35,O,L,48
forbe2la,36,G,N,48
forbe2la,37,O,N,48
forbe2la,38,BL,N,48
forbe2la,39,G,L,48
forbe2la,40,G,L,48
forbe2la,41,G,L,48
forbe2la,42,O,L,48
forbe2la,43,BL,L,48
forbe2la,44,R,L,48
forbe2la,45,O,L,48
forbe2la,46,Y,L,48
forbe2la,47,R,N,48
forbe2la,48,BL,L,48
martyfr,1,BL,N,55
martyfr,2,Y,N,55
martyfr,3,G,N,55
martyfr,4,BL,N,55
martyfr,5,G,N,55
martyfr,6,BL,L,55
martyfr,7,Y,N,55
martyfr,8,Y,N,55
martyfr,9,BR,N,55
martyfr,10,O,N,55
martyfr,11,G,N,55
martyfr,12,Y,C,55
martyfr,13,R,N,55
martyfr,14,BR,N,55
martyfr,15,Y,N,55
martyfr,16,BR,L,55
martyfr,17,O,N,55
martyfr,18,Y,N,55
martyfr,19,Y,N,55
martyfr,20,G,N,55
martyfr,21,BL,N,55
martyfr,22,Y,N,55
martyfr,23,O,N,55
martyfr,24,BR,L,55
martyfr,25,BL,N,55
martyfr,26,O,L,55
martyfr,27,O,N,55
martyfr,28,R,L,55
martyfr,29,R,N,55
martyfr,30,BL,N,55
martyfr,31,BL,N,55
martyfr,32,R,L,55
martyfr,33,Y,N,55
martyfr,34,O,N,55
martyfr,35,BL,L,55
martyfr,36,O,N,55
martyfr,37,BR,M,55
martyfr,38,BR,N,55
martyfr,39,G,N,55
martyfr,40,G,N,55
martyfr,41,BL,L,55
martyfr,42,G,N,55
martyfr,43,G,N,55
martyfr,44,O,N,55
martyfr,45,BL,L,55
martyfr,46,G,N,55
martyfr,47,G,N,55
martyfr,48,BR,N,55
martyfr,49,Y,N,55
martyfr,50,O,N,55
martyfr,51,BL,M,55
martyfr,52,O,L,55
martyfr,53,BR,N,55
martyfr,54,G,L,55
martyfr,55,G,N,55
lizamajk,1,Y,L,56
lizamajk,2,O,L,56
lizamajk,3,O,L,56
lizamajk,4,BL,M,56
lizamajk,5,Y,L,56
lizamajk,6,R,L,56
lizamajk,7,G,N,56
lizamajk,8,G,L,56
lizamajk,9,R,M,56
lizamajk,10,R,L,56
lizamajk,11,O,L,56
lizamajk,12,R,M,56
lizamajk,13,BL,L,56
lizamajk,14,R,N,56
lizamajk,15,BR,N,56
lizamajk,16,BR,L,56
lizamajk,17,G,L,56
lizamajk,18,R,L,56
lizamajk,19,BL,L,56
lizamajk,20,BL,N,56
lizamajk,21,O,M,56
lizamajk,22,O,L,56
lizamajk,23,G,M,56
lizamajk,24,Y,L,56
lizamajk,25,G,N,56
lizamajk,26,R,L,56
lizamajk,27,BL,N,56
lizamajk,28,Y,L,56
lizamajk,29,G,M,56
lizamajk,30,O,L,56
lizamajk,31,O,M,56
lizamajk,32,R,L,56
lizamajk,33,G,N,56
lizamajk,34,Y,L,56
lizamajk,35,BL,L,56
lizamajk,36,G,M,56
lizamajk,37,BR,C,56
lizamajk,38,Y,N,56
lizamajk,39,O,M,56
lizamajk,40,Y,C,56
lizamajk,41,O,N,56
lizamajk,42,R,N,56
lizamajk,43,BL,L,56
lizamajk,44,BL,L,56
lizamajk,45,G,L,56
lizamajk,46,O,M,56
lizamajk,47,BR,L,56
lizamajk,48,O,N,56
lizamajk,49,BL,C,56
lizamajk,50,O,C,56
lizamajk,51,Y,L,56
lizamajk,52,BR,N,56
lizamajk,53,O,N,56
lizamajk,54,BR,C,56
lizamajk,55,R,N,56
lizamajk,56,Y,L,56
accadmx,1,O,N,54
accadmx,2,Y,L,54
accadmx,3,R,L,54
accadmx,4,O,L,54
accadmx,5,R,N,54
accadmx,6,Y,N,54
accadmx,7,Y,N,54
accadmx,8,Y,N,54
accadmx,9,Y,M,54
accadmx,10,BL,N,54
accadmx,11,G,C,54
accadmx,12,BL,N,54
accadmx,13,O,N,54
accadmx,14,Y,N,54
accadmx,15,G,N,54
accadmx,16,Y,N,54
accadmx,17,G,L,54
accadmx,18,O,N,54
accadmx,19,G,N,54
accadmx,20,BL,N,54
accadmx,21,G,N,54
accadmx,22,O,N,54
accadmx,23,R,N,54
accadmx,24,R,N,54
accadmx,25,G,N,54
accadmx,26,O,N,54
accadmx,27,BR,N,54
accadmx,28,R,L,54
accadmx,29,BL,N,54
accadmx,30,O,N,54
accadmx,31,BR,N,54
accadmx,32,G,N,54
accadmx,33,G,L,54
accadmx,34,O,L,54
accadmx,35,R,L,54
accadmx,36,R,N,54
accadmx,37,G,N,54
accadmx,38,O,N,54
accadmx,39,BR,N,54
accadmx,40,Y,L,54
accadmx,41,R,N,54
accadmx,42,O,N,54
accadmx,43,BR,N,54
accadmx,44,Y,N,54
accadmx,45,Y,L,54
accadmx,46,R,N,54
accadmx,47,O,N,54
accadmx,48,R,N,54
accadmx,49,BR,N,54
accadmx,50,O,N,54
accadmx,51,BR,L,54
accadmx,52,Y,N,54
accadmx,53,BL,N,54
accadmx,54,G,N,54
gillrx,1,BL,N,57
gillrx,2,O,N,57
gillrx,3,BR,M,57
gillrx,4,BL,L,57
gillrx,5,R,N,57
gillrx,6,R,L,57
gillrx,7,Y,N,57
gillrx,8,O,L,57
gillrx,9,G,N,57
gillrx,10,BL,L,57
gillrx,11,Y,N,57
gillrx,12,Y,C,57
gillrx,13,BR,L,57
gillrx,14,R,N,57
gillrx,15,BL,N,57
gillrx,16,G,L,57
gillrx,17,O,L,57
gillrx,18,BL,N,57
gillrx,19,O,N,57
gillrx,20,Y,N,57
gillrx,21,BR,N,57
gillrx,22,BL,N,57
gillrx,23,G,C,57
gillrx,24,R,N,57
gillrx,25,BR,N,57
gillrx,26,O,N,57
gillrx,27,BL,C,57
gillrx,28,BR,N,57
gillrx,29,G,N,57
gillrx,30,BL,L,57
gillrx,31,Y,L,57
gillrx,32,BR,N,57
gillrx,33,O,L,57
gillrx,34,G,L,57
gillrx,35,Y,N,57
gillrx,36,G,L,57
gillrx,37,O,N,57
gillrx,38,BL,N,57
gillrx,39,G,L,57
gillrx,40,BL,L,57
gillrx,41,O,N,57
gillrx,42,Y,N,57
gillrx,43,BL,N,57
gillrx,44,O,N,57
gillrx,45,BL,M,57
gillrx,46,BR,L,57
gillrx,47,G,L,57
gillrx,48,G,M,57
gillrx,49,BL,N,57
gillrx,50,Y,N,57
gillrx,51,G,N,57
gillrx,52,G,L,57
gillrx,53,BL,N,57
gillrx,54,Y,C,57
gillrx,55,O,N,57
gillrx,56,BR,N,57
gillrx,57,G,N,57
frazerbm,1,BL,N,51
frazerbm,2,BL,N,51
frazerbm,3,O,N,51
frazerbm,4,Y,N,51
frazerbm,5,BL,N,51
frazerbm,6,BR,N,51
frazerbm,7,BL,N,51
frazerbm,8,BL,C,51
frazerbm,9,Y,N,51
frazerbm,10,O,N,51
frazerbm,11,G,L,51
frazerbm,12,O,N,51
frazerbm,13,BR,N,51
frazerbm,14,O,N,51
frazerbm,15,G,L,51
frazerbm,16,Y,L,51
frazerbm,17,Y,C,51
frazerbm,18,G,N,51
frazerbm,19,G,M,51
frazerbm,20,BR,N,51
frazerbm,21,R,N,51
frazerbm,22,BL,N,51
frazerbm,23,G,N,51
frazerbm,24,BL,L,51
frazerbm,25,G,N,51
frazerbm,26,O,N,51
frazerbm,27,O,N,51
frazerbm,28,G,N,51
frazerbm,29,BR,L,51
frazerbm,30,Y,N,51
frazerbm,31,O,N,51
frazerbm,32,G,N,51
frazerbm,33,R,N,51
frazerbm,34,R,N,51
frazerbm,35,R,N,51
frazerbm,36,G,N,51
frazerbm,37,BR,L,51
frazerbm,38,R,N,51
frazerbm,39,O,N,51
frazerbm,40,BL,N,51
frazerbm,41,R,N,51
frazerbm,42,R,L,51
frazerbm,43,BR,L,51
frazerbm,44,G,N,51
frazerbm,45,BL,N,51
frazerbm,46,R,L,51
frazerbm,47,R,N,51
frazerbm,48,O,N,51
frazerbm,49,R,C,51
frazerbm,50,G,N,51
frazerbm,51,O,N,51
brook5jm,1,BL,N,57
brook5jm,2,O,L,57
brook5jm,3,R,L,57
brook5jm,4,BR,N,57
brook5jm,5,R,N,57
brook5jm,6,G,N,57
brook5jm,7,O,N,57
brook5jm,8,Y,N,57
brook5jm,9,O,N,57
brook5jm,10,BL,N,57
brook5jm,11,G,N,57
brook5jm,12,BL,L,57
brook5jm,13,O,N,57
brook5jm,14,Y,N,57
brook5jm,15,BR,N,57
brook5jm,16,Y,N,57
brook5jm,17,R,N,57
brook5jm,18,Y,C,57
brook5jm,19,G,N,57
brook5jm,20,BR,N,57
brook5jm,21,O,N,57
brook5jm,22,BL,N,57
brook5jm,23,O,N,57
brook5jm,24,Y,N,57
brook5jm,25,R,L,57
brook5jm,26,R,N,57
brook5jm,27,BL,N,57
brook5jm,28,O,N,57
brook5jm,29,Y,N,57
brook5jm,30,G,L,57
brook5jm,31,G,N,57
brook5jm,32,O,N,57
brook5jm,33,O,N,57
brook5jm,34,Y,N,57
brook5jm,35,Y,C,57
brook5jm,36,BR,N,57
brook5jm,37,BR,N,57
brook5jm,38,R,L,57
brook5jm,39,Y,L,57
brook5jm,40,Y,N,57
brook5jm,41,R,N,57
brook5jm,42,O,N,57
brook5jm,43,Y,L,57
brook5jm,44,BL,N,57
brook5jm,45,O,N,57
brook5jm,46,Y,N,57
brook5jm,47,R,N,57
brook5jm,48,G,N,57
brook5jm,49,R,N,57
brook5jm,50,BR,N,57
brook5jm,51,Y,N,57
brook5jm,52,R,N,57
brook5jm,53,R,N,57
brook5jm,54,O,L,57
brook5jm,55,G,N,57
brook5jm,56,O,N,57
brook5jm,57,BR,N,57
mccormbv,1,O,L,56
mccormbv,2,G,N,56
mccormbv,3,O,N,56
mccormbv,4,O,N,56
mccormbv,5,O,M,56
mccormbv,6,O,M,56
mccormbv,7,Y,N,56
mccormbv,8,Y,N,56
mccormbv,9,Y,N,56
mccormbv,10,Y,C,56
mccormbv,11,Y,L,56
mccormbv,12,R,N,56
mccormbv,13,R,N,56
mccormbv,14,R,N,56
mccormbv,15,R,N,56
mccormbv,16,R,N,56
mccormbv,17,R,C,56
mccormbv,18,R,C,56
mccormbv,19,R,L,56
mccormbv,20,Y,N,56
mccormbv,21,Y,N,56
mccormbv,22,Y,N,56
mccormbv,23,Y,C,56
mccormbv,24,O,N,56
mccormbv,25,O,N,56
mccormbv,26,O,N,56
mccormbv,27,O,N,56
mccormbv,28,O,N,56
mccormbv,29,O,L,56
mccormbv,30,O,N,56
mccormbv,31,O,N,56
mccormbv,32,O,N,56
mccormbv,33,O,N,56
mccormbv,34,O,N,56
mccormbv,35,O,N,56
mccormbv,36,BL,N,56
mccormbv,37,BL,N,56
mccormbv,38,BL,N,56
mccormbv,39,BL,N,56
mccormbv,40,BL,N,56
mccormbv,41,BL,N,56
mccormbv,42,G,C,56
mccormbv,43,G,N,56
mccormbv,44,G,N,56
mccormbv,45,G,N,56
mccormbv,46,G,N,56
mccormbv,47,G,N,56
mccormbv,48,G,N,56
mccormbv,49,Y,N,56
mccormbv,50,Y,N,56
mccormbv,51,Y,N,56
mccormbv,52,Y,N,56
mccormbv,53,Y,N,56
mccormbv,54,Y,M,56
mccormbv,55,BR,L,56
mccormbv,56,BR,N,56
fasilkx,1,O,N,54
fasilkx,2,BL,N,54
fasilkx,3,BL,N,54
fasilkx,4,Y,N,54
fasilkx,5,Y,C,54
fasilkx,6,R,N,54
fasilkx,7,G,C,54
fasilkx,8,O,C,54
fasilkx,9,G,L,54
fasilkx,10,BL,N,54
fasilkx,11,BR,L,54
fasilkx,12,O,L,54
fasilkx,13,G,C,54
fasilkx,14,BL,N,54
fasilkx,15,BL,N,54
fasilkx,16,G,M,54
fasilkx,17,Y,N,54
fasilkx,18,Y,C,54
fasilkx,19,BL,C,54
fasilkx,20,R,C,54
fasilkx,21,O,M,54
fasilkx,22,BR,M,54
fasilkx,23,R,N,54
fasilkx,24,Y,N,54
fasilkx,25,R,N,54
fasilkx,26,R,N,54
fasilkx,27,BL,N,54
fasilkx,28,R,N,54
fasilkx,29,Y,N,54
fasilkx,30,Y,C,54
fasilkx,31,O,L,54
fasilkx,32,G,C,54
fasilkx,33,BL,C,54
fasilkx,34,BR,N,54
fasilkx,35,BR,N,54
fasilkx,36,O,L,54
fasilkx,37,BR,N,54
fasilkx,38,G,M,54
fasilkx,39,Y,N,54
fasilkx,40,G,N,54
fasilkx,41,R,N,54
fasilkx,42,G,C,54
fasilkx,43,BR,N,54
fasilkx,44,G,N,54
fasilkx,45,R,C,54
fasilkx,46,R,C,54
fasilkx,47,R,N,54
fasilkx,48,BR,N,54
fasilkx,49,O,N,54
fasilkx,50,Y,N,54
fasilkx,51,Y,N,54
fasilkx,52,O,N,54
fasilkx,53,O,N,54
fasilkx,54,BL,L,54