student,id,color,defect,hour,minute,weight,total.number,
allenrj,1,BL,L,10,48,50.14,57,
allenrj,2,BL,N,10,49,50.14,57,
allenrj,3,BL,L,10,49,50.14,57,
allenrj,4,BL,N,10,49,50.14,57,
allenrj,5,BL,N,10,50,50.14,57,
Pinoja,4,BL,N,10,42,48.3,49,
Pinoja,11,BL,N,10,44,48.3,49,
Pinoja,18,BL,L,10,46,48.3,49,
Pinoja,29,BL,N,10,49,48.3,49,
Pinoja,48,BL,N,10,51,48.3,49,
walsh3hm,1,BL,N,10,46,49.6,57,
walsh3hm,4,BL,M,10,47,49.6,57,
walsh3hm,5,BL,N,10,47,49.6,57,
walsh3hm,19,BL,N,10,50,49.6,57,
walsh3hm,41,BL,N,10,54,49.6,57,
walsh3hm,43,BL,N,10,54,49.6,57,
walsh3hm,44,BL,L,10,54,49.6,57,
walsh3hm,54,BL,L,10,55,49.6,57,
brikkewf,31,BL,N,10,53,49.5,55,
brikkewf,32,BL,N,10,53,49.5,55,
brikkewf,33,BL,N,10,53,49.5,55,
brikkewf,34,BL,N,10,53,49.5,55,
brikkewf,35,BL,N,10,53,49.5,55,
brikkewf,36,BL,N,10,53,49.5,55,
brikkewf,37,BL,N,10,53,49.5,55,
brikkewf,38,BL,N,10,53,49.5,55,
brikkewf,39,BL,N,10,53,49.5,55,
brikkewf,40,BL,N,10,53,49.5,55,
brikkewf,41,BL,N,10,53,49.5,55,
saxmanbf,1,BL,N,10,45,50.95,58,
saxmanbf,2,BL,N,10,45,50.95,58,
saxmanbf,6,BL,N,10,46,50.95,58,
saxmanbf,10,BL,N,10,47,50.95,58,
saxmanbf,17,BL,N,10,49,50.95,58,
saxmanbf,25,BL,N,10,50,50.95,58,
saxmanbf,33,BL,L,10,52,50.95,58,
saxmanbf,39,BL,N,10,54,50.95,58,
saxmanbf,42,BL,N,10,54,50.95,58,
saxmanbf,44,BL,N,10,55,50.95,58,
saxmanbf,45,BL,N,10,55,50.95,58,
saxmanbf,52,BL,N,10,56,50.95,58,
saxmanbf,53,BL,N,10,56,50.95,58,
saxmanbf,54,BL,L,10,56,50.95,58,
billindr,19,BL,C,10,52,50.16,57,
billindr,20,BL,C,10,52,50.16,57,
billindr,21,BL,L,10,52,50.16,57,
billindr,22,BL,L,10,52,50.16,57,
billindr,23,BL,N,10,52,50.16,57,
billindr,24,BL,N,10,52,50.16,57,
billindr,25,BL,N,10,52,50.16,57,
billindr,26,BL,N,10,52,50.16,57,
billindr,27,BL,N,10,52,50.16,57,
billindr,28,BL,N,10,52,50.16,57,
lasekmz,7,BL,L,10,46,48.72,55,
lasekmz,12,BL,L,10,48,48.72,55,
lasekmz,14,BL,N,10,48,48.72,55,
lasekmz,35,BL,N,10,53,48.72,55,
lasekmz,48,BL,N,10,56,48.72,55,
stubengi,43,BL,N,10,57,48.64,56,
stubengi,44,BL,N,10,57,48.64,56,
stubengi,45,BL,N,10,57,48.64,56,
stubengi,46,BL,N,10,57,48.64,56,
stubengi,47,BL,N,10,57,48.64,56,
stubengi,48,BL,N,10,57,48.64,56,
stubengi,49,BL,N,10,57,48.64,56,
stubengi,50,BL,N,10,57,48.64,56,
stubengi,51,BL,N,10,57,48.64,56,
stubengi,52,BL,N,10,57,48.64,56,
stubengi,53,BL,M,10,57,48.64,56,
stubengi,54,BL,M,10,57,48.64,56,
stubengi,55,BL,L,10,57,48.64,56,
stubengi,56,BL,C,10,57,48.64,56,
Tiggesja,5,BL,N,10,46,50.61,57,
Tiggesja,10,BL,N,10,48,50.61,57,
Tiggesja,11,BL,L,10,48,50.61,57,
Tiggesja,14,BL,N,10,49,50.61,57,
Tiggesja,22,BL,N,10,51,50.61,57,
Tiggesja,30,BL,N,10,53,50.61,57,
Tiggesja,33,BL,N,10,53,50.61,57,
Tiggesja,42,BL,N,10,55,50.61,57,
Tiggesja,43,BL,N,10,55,50.61,57,
Tiggesja,44,BL,N,10,55,50.61,57,
selamarx,3,BL,N,10,47,48.75,55,
selamarx,23,BL,M,10,52,48.75,55,
selamarx,28,BL,L,10,53,48.75,55,
selamarx,33,BL,L,10,54,48.75,55,
selamarx,36,BL,L,10,54,48.75,55,
selamarx,38,BL,L,10,55,48.75,55,
selamarx,49,BL,N,10,56,48.75,55,
gray2dl,11,BL,L,10,51,49.15,56,
gray2dl,13,BL,N,10,51,49.15,56,
gray2dl,15,BL,N,10,52,49.15,56,
gray2dl,19,BL,L,10,53,49.15,56,
gray2dl,20,BL,N,10,53,49.15,56,
gray2dl,25,BL,N,10,54,49.15,56,
gray2dl,40,BL,L,10,57,49.15,56,
gray2dl,48,BL,L,10,58,49.15,56,
gray2dl,50,BL,M,10,59,49.15,56,
gray2dl,53,BL,N,10,59,49.15,56,
gray2dl,56,BL,L,11,0,49.15,56,
Schereeu,1,BL,L,10,44,48.5,55,
Schereeu,13,BL,N,10,48,48.5,55,
Schereeu,32,BL,C,10,54,48.5,55,
Schereeu,38,BL,L,10,55,48.5,55,
Schereeu,42,BL,N,10,56,48.5,55,
Schereeu,48,BL,N,10,57,48.5,55,
Schereeu,49,BL,N,10,57,48.5,55,
Schereeu,50,BL,L,10,57,48.5,55,
Fairchap,9,BL,N,10,46,50.23,57,
Fairchap,18,BL,N,10,50,50.23,57,
Fairchap,19,BL,N,10,50,50.23,57,
Fairchap,25,BL,L,10,52,50.23,57,
Fairchap,26,BL,N,10,52,50.23,57,
Fairchap,31,BL,N,10,53,50.23,57,
Fairchap,32,BL,L,10,53,50.23,57,
Fairchap,41,BL,L,10,55,50.23,57,
Fairchap,50,BL,N,10,57,50.23,57,
Netzelbj,49,BL,N,10,53,48.95,56,
Netzelbj,50,BL,N,10,54,48.95,56,
Netzelbj,51,BL,N,10,54,48.95,56,
Netzelbj,52,BL,N,10,54,48.95,56,
Netzelbj,53,BL,N,10,54,48.95,56,
Netzelbj,54,BL,C,10,54,48.95,56,
Netzelbj,55,BL,L,10,54,48.95,56,
Netzelbj,56,BL,L,10,55,48.95,56,
pickfoja,23,BL,C,10,54,48.95,56,
pickfoja,30,BL,M,10,56,48.95,56,
pickfoja,37,BL,N,10,58,48.95,56,
pickfoja,45,BL,L,10,59,48.95,56,
pickfoja,49,BL,L,11,0,48.95,56,
staplelm,14,BL,L,10,49,48.72,55,
staplelm,15,BL,N,10,49,48.72,55,
staplelm,16,BL,N,10,49,48.72,55,
staplelm,17,BL,L,10,50,48.72,55,
staplelm,18,BL,L,10,50,48.72,55,
staplelm,19,BL,L,10,50,48.72,55,
staplelm,20,BL,L,10,50,48.72,55,
staplelm,21,BL,N,10,50,48.72,55,
staplelm,22,BL,N,10,50,48.72,55,
rumburtm,3,BL,L,10,44,48.78,56,
rumburtm,14,BL,L,10,49,48.78,56,
rumburtm,16,BL,N,10,51,48.78,56,
rumburtm,17,BL,M,10,52,48.78,56,
rumburtm,19,BL,L,10,53,48.78,56,
rumburtm,31,BL,N,10,56,48.78,56,
rumburtm,48,BL,N,10,59,48.78,56,
paintejm,29,BL,M,10,48,47.95,55,
paintejm,30,BL,L,10,48,47.95,55,
paintejm,31,BL,N,10,48,47.95,55,
paintejm,32,BL,N,10,48,47.95,55,
paintejm,33,BL,N,10,48,47.95,55,
paintejm,34,BL,N,10,48,47.95,55,
paintejm,35,BL,N,10,48,47.95,55,
gibbonej,25,BL,N,10,56,48.93,55,
gibbonej,26,BL,N,10,57,48.93,55,
gibbonej,27,BL,C,10,57,48.93,55,
gibbonej,28,BL,L,10,57,48.93,55,
gibbonej,29,BL,N,10,57,48.93,55,
gibbonej,30,BL,N,10,58,48.93,55,
gibbonej,31,BL,L,10,58,48.93,55,
ridgepb,2,BL,N,10,47,49.8,56,
ridgepb,10,BL,L,10,50,49.8,56,
ridgepb,24,BL,N,10,54,49.8,56,
ridgepb,30,BL,N,10,55,49.8,56,
ridgepb,37,BL,N,10,57,49.8,56,
ridgepb,40,BL,N,10,57,49.8,56,
ridgepb,41,BL,N,10,57,49.8,56,
ridgepb,43,BL,L,10,58,49.8,56,
withroac,5,BL,M,10,49,47.2,55,
withroac,8,BL,M,10,51,47.2,55,
withroac,21,BL,L,10,56,47.2,55,
withroac,25,BL,N,10,57,47.2,55,
withroac,31,BL,C,10,59,47.2,55,
withroac,50,BL,M,11,4,47.2,55,
withroac,53,BL,L,11,5,47.2,55,
ruppreji,1,BL,N,10,45,50.18,56,
ruppreji,3,BL,L,10,47,50.18,56,
ruppreji,45,BL,N,11,4,50.18,56,
ruppreji,46,BL,N,11,4,50.18,56,
ruppreji,47,BL,N,11,4,50.18,56,
ruppreji,48,BL,N,11,4,50.18,56,
ruppreji,49,BL,L,11,5,50.18,56,
ruppreji,50,BL,L,11,5,50.18,56,
ruppreji,51,BL,L,11,5,50.18,56,
ruppreji,52,BL,L,11,5,50.18,56,
ruppreji,53,BL,L,11,5,50.18,56,
ruppreji,54,BL,L,11,5,50.18,56,
cowen2jr,5,BL,N,10,44,48.44,55,
cowen2jr,6,BL,N,10,45,48.44,55,
cowen2jr,9,BL,L,10,46,48.44,55,
cowen2jr,14,BL,L,10,47,48.44,55,
cowen2jr,20,BL,N,10,49,48.44,55,
cowen2jr,23,BL,L,10,50,48.44,55,
cowen2jr,27,BL,L,10,51,48.44,55,
cowen2jr,48,BL,N,10,56,48.44,55,
cowen2jr,49,BL,N,10,56,48.44,55,
cowen2jr,51,BL,L,10,56,48.44,55,
barboujm,7,BL,N,10,53,48.05,54,
barboujm,8,BL,N,10,53,48.05,54,
barboujm,10,BL,C,10,55,48.05,54,
barboujm,32,BL,L,11,2,48.05,54,
barboujm,33,BL,N,11,2,48.05,54,
barboujm,34,BL,N,11,2,48.05,54,
barboujm,35,BL,N,11,4,48.05,54,
barboujm,36,BL,N,11,4,48.05,54,
barboujm,37,BL,N,11,4,48.05,54,
barboujm,50,BL,L,11,7,48.05,54,
barboujm,51,BL,L,11,7,48.05,54,
Barre3am,7,BL,C,10,54,49.4,56,
Barre3am,15,BL,N,10,58,49.4,56,
Barre3am,22,BL,M,11,2,49.4,56,
Barre3am,24,BL,N,11,3,49.4,56,
Barre3am,36,BL,N,11,8,49.4,56,
Waltergs,5,BL,L,11,46,50.2,57,
Waltergs,6,BL,N,11,46,50.2,57,
Waltergs,7,BL,N,11,46,50.2,57,
Waltergs,9,BL,L,11,46,50.2,57,
Waltergs,13,BL,L,11,46,50.2,57,
Waltergs,14,BL,N,11,46,50.2,57,
Waltergs,21,BL,N,11,46,50.2,57,
Waltergs,26,BL,N,11,46,50.2,57,
Waltergs,36,BL,N,11,46,50.2,57,
Waltergs,51,BL,N,11,46,50.2,57,
Waltergs,52,BL,N,11,46,50.2,57,
jacquaat,21,BL,N,11,46,49.45,57,
jacquaat,22,BL,N,11,46,49.45,57,
jacquaat,23,BL,N,11,46,49.45,57,
jacquaat,24,BL,N,11,46,49.45,57,
jacquaat,25,BL,N,11,46,49.45,57,
jacquaat,26,BL,N,11,46,49.45,57,
jacquaat,27,BL,L,11,46,49.45,57,
jacquaat,28,BL,L,11,46,49.45,57,
jacquaat,29,BL,L,11,46,49.45,57,
jacquaat,30,BL,M,11,46,49.45,57,
Delucaar,7,BL,N,11,43,50.53,57,
Delucaar,11,BL,N,11,44,50.53,57,
Delucaar,21,BL,N,11,46,50.53,57,
Delucaar,28,BL,N,11,48,50.53,57,
Delucaar,47,BL,L,11,51,50.53,57,
Delucaar,51,BL,N,11,52,50.53,57,
Delucaar,52,BL,L,11,52,50.53,57,
kaiserjm,31,BL,L,11,50,49.77,55,
kaiserjm,32,BL,L,11,50,49.77,55,
kaiserjm,33,BL,L,11,50,49.77,55,
kaiserjm,34,BL,L,11,52,49.77,55,
kaiserjm,35,BL,L,11,52,49.77,55,
kaiserjm,36,BL,L,11,52,49.77,55,
kaiserjm,37,BL,L,11,52,49.77,55,
kaiserjm,38,BL,L,11,52,49.77,55,
kaiserjm,39,BL,N,11,52,49.77,55,
kaiserjm,40,BL,N,11,54,49.77,55,
kaiserjm,41,BL,N,11,54,49.77,55,
kaiserjm,42,BL,N,11,54,49.77,55,
kaiserjm,43,BL,N,11,54,49.77,55,
kaiserjm,44,BL,N,11,54,49.77,55,
blandbt,6,BL,N,11,43,48.81,55,
blandbt,18,BL,N,11,45,48.81,55,
blandbt,20,BL,N,11,46,48.81,55,
blandbt,29,BL,N,11,47,48.81,55,
blandbt,33,BL,N,11,48,48.81,55,
blandbt,39,BL,L,11,49,48.81,55,
blandbt,40,BL,N,11,49,48.81,55,
blandbt,53,BL,L,11,52,48.81,55,
rambilrd,7,BL,L,11,47,48.97,57,
rambilrd,10,BL,N,11,48,48.97,57,
rambilrd,18,BL,L,11,48,48.97,57,
rambilrd,31,BL,L,11,51,48.97,57,
rambilrd,33,BL,L,11,51,48.97,57,
rambilrd,34,BL,N,11,51,48.97,57,
rambilrd,35,BL,N,11,51,48.97,57,
rouss2wa,7,BL,L,11,47,48.97,57,
rouss2wa,10,BL,N,11,48,48.97,57,
rouss2wa,18,BL,L,11,48,48.97,57,
rouss2wa,31,BL,L,11,51,48.97,57,
rouss2wa,33,BL,L,11,51,48.97,57,
rouss2wa,34,BL,N,11,51,48.97,57,
rouss2wa,35,BL,N,11,51,48.97,57,
drohatga,41,BL,L,11,55,49.37,56,
drohatga,42,BL,L,11,55,49.37,56,
drohatga,43,BL,L,11,55,49.37,56,
drohatga,44,BL,L,11,55,49.37,56,
drohatga,45,BL,N,11,55,49.37,56,
drohatga,46,BL,N,11,55,49.37,56,
drohatga,47,BL,L,11,55,49.37,56,
frautsks,46,BL,L,11,58,48.8,55,
frautsks,47,BL,L,11,58,48.8,55,
frautsks,48,BL,L,11,58,48.8,55,
frautsks,49,BL,M,11,58,48.8,55,
frautsks,50,BL,M,11,58,48.8,55,
frautsks,51,BL,M,11,58,48.8,55,
frautsks,52,BL,N,11,58,48.8,55,
frautsks,53,BL,N,11,58,48.8,55,
frautsks,54,BL,N,11,58,48.8,55,
frautsks,55,BL,N,11,58,48.8,55,
witherko,13,BL,L,11,46,49.12,55,
witherko,16,BL,L,11,47,49.12,55,
witherko,24,BL,N,11,48,49.12,55,
witherko,25,BL,N,11,49,49.12,55,
witherko,41,BL,N,11,51,49.12,55,
witherko,42,BL,N,11,52,49.12,55,
witherko,43,BL,N,11,52,49.12,55,
witherko,44,BL,N,11,52,49.12,55,
witherko,45,BL,N,11,52,49.12,55,
Silerja,6,BL,C,11,45,48.78,55,
Silerja,13,BL,N,11,47,48.78,55,
Silerja,19,BL,N,11,50,48.78,55,
Silerja,20,BL,N,11,50,48.78,55,
Silerja,21,BL,N,11,50,48.78,55,
Silerja,22,BL,N,11,50,48.78,55,
Silerja,23,BL,N,11,50,48.78,55,
Silerja,24,BL,N,11,50,48.78,55,
Silerja,25,BL,N,11,50,48.78,55,
Silerja,26,BL,L,11,50,48.78,55,
Silerja,27,BL,L,11,51,48.78,55,
bettsjp,12,BL,N,11,48,49.98,58,
bettsjp,13,BL,L,11,48,49.98,58,
bettsjp,14,BL,L,11,49,49.98,58,
bettsjp,15,BL,L,11,49,49.98,58,
bettsjp,16,BL,L,11,50,49.98,58,
bettsjp,17,BL,N,11,50,49.98,58,
bettsjp,18,BL,L,11,50,49.98,58,
bettsjp,19,BL,N,11,50,49.98,58,
bettsjp,20,BL,N,11,51,49.98,58,
bettsjp,21,BL,N,11,51,49.98,58,
bettsjp,22,BL,N,11,51,49.98,58,
bettsjp,23,BL,N,11,51,49.98,58,
grimmejp,5,BL,N,11,49,51.94,59,
grimmejp,17,BL,L,11,53,51.94,59,
grimmejp,19,BL,L,11,54,51.94,59,
grimmejp,23,BL,N,11,55,51.94,59,
grimmejp,27,BL,L,11,56,51.94,59,
grimmejp,35,BL,N,11,58,51.94,59,
grimmejp,40,BL,N,11,59,51.94,59,
grimmejp,46,BL,L,12,2,51.94,59,
grimmejp,47,BL,N,12,2,51.94,59,
grimmejp,52,BL,L,12,3,51.94,59,
grimmejp,54,BL,L,12,4,51.94,59,
grimmejp,55,BL,L,12,4,51.94,59,
valentga,1,BL,L,11,46,49.98,57,
valentga,2,BL,N,11,46,49.98,57,
valentga,3,BL,N,11,46,49.98,57,
valentga,4,BL,L,11,47,49.98,57,
valentga,5,BL,L,11,47,49.98,57,
valentga,6,BL,N,11,47,49.98,57,
valentga,7,BL,M,11,47,49.98,57,
valentga,8,BL,N,11,47,49.98,57,
valentga,9,BL,L,11,48,49.98,57,
jankowmx,6,BL,L,11,48,49.79,55,
jankowmx,8,BL,N,11,48,49.79,55,
jankowmx,12,BL,L,11,49,49.79,55,
jankowmx,17,BL,M,11,50,49.79,55,
jankowmx,21,BL,L,11,50,49.79,55,
jankowmx,27,BL,N,11,51,49.79,55,
jankowmx,30,BL,N,11,52,49.79,55,
jankowmx,44,BL,L,11,53,49.79,55,
jankowmx,54,BL,C,11,55,49.79,55,
jankowmx,55,BL,L,11,55,49.79,55,
schuyljw,1,BL,L,11,46,50.35,57,
schuyljw,2,BL,N,11,46,50.35,57,
schuyljw,3,BL,L,11,46,50.35,57,
schuyljw,4,BL,N,11,46,50.35,57,
schuyljw,5,BL,N,11,47,50.35,57,
schuyljw,6,BL,L,11,47,50.35,57,
schuyljw,7,BL,L,11,47,50.35,57,
schuyljw,8,BL,L,11,47,50.35,57,
schuyljw,9,BL,N,11,47,50.35,57,
schuyljw,9,BL,N,11,47,50.35,57,
byrdes,4,BL,L,11,44,50.7,58,
byrdes,9,BL,N,11,46,50.7,58,
byrdes,11,BL,L,11,47,50.7,58,
byrdes,16,BL,L,11,49,50.7,58,
byrdes,26,BL,N,11,51,50.7,58,
byrdes,29,BL,L,11,52,50.7,58,
byrdes,48,BL,N,11,57,50.7,58,
byrdes,49,BL,N,11,57,50.7,58,
gagnonop,11,BL,L,11,51,46.85,53,
gagnonop,13,BL,N,11,52,46.85,53,
gagnonop,18,BL,M,11,53,46.85,53,
gagnonop,45,BL,L,12,0,46.85,53,
Poolerc,44,BL,L,11,59,49.02,56,
Poolerc,45,BL,N,11,59,49.02,56,
Poolerc,46,BL,N,11,59,49.02,56,
Poolerc,47,BL,N,11,59,49.02,56,
Poolerc,48,BL,N,11,59,49.02,56,
Poolerc,49,BL,N,11,59,49.02,56,
Poolerc,50,BL,N,11,59,49.02,56,
Poolerc,51,BL,L,11,59,49.02,56,
Poolerc,52,BL,N,12,0,49.02,56,
Poolerc,53,BL,L,12,0,49.02,56,
Poolerc,54,BL,N,12,0,49.02,56,
Poolerc,55,BL,N,12,0,49.02,56,
Poolerc,56,BL,N,12,0,49.02,56,
blanchwj,31,BL,L,11,54,48.4,55,
blanchwj,32,BL,N,11,54,48.4,55,
blanchwj,33,BL,N,11,54,48.4,55,
blanchwj,34,BL,N,11,54,48.4,55,
blanchwj,35,BL,N,11,54,48.4,55,
blanchwj,36,BL,N,11,54,48.4,55,
grimmejp,5,BL,N,11,49,51.94,59,
grimmejp,17,BL,L,11,53,51.94,59,
grimmejp,19,BL,L,11,54,51.94,59,
grimmejp,23,BL,N,11,55,51.94,59,
grimmejp,27,BL,L,11,56,51.94,59,
grimmejp,35,BL,N,11,58,51.94,59,
grimmejp,40,BL,N,11,59,51.94,59,
grimmejp,46,BL,L,12,2,51.94,59,
grimmejp,47,BL,N,12,2,51.94,59,
grimmejp,52,BL,L,12,3,51.94,59,
grimmejp,54,BL,L,12,4,51.94,59,
grimmejp,55,BL,L,12,4,51.94,59,
clark3kr,9,BL,L,11,51,49.33,56,
clark3kr,29,BL,L,11,57,49.33,56,
clark3kr,30,BL,L,11,57,49.33,56,
clark3kr,31,BL,N,11,57,49.33,56,
clark3kr,32,BL,N,11,57,49.33,56,
clark3kr,33,BL,L,11,57,49.33,56,
clark3kr,34,BL,L,11,57,49.33,56,
clark3kr,35,BL,M,11,57,49.33,56,
clark3kr,36,BL,L,11,58,49.33,56,
clark3kr,37,BL,L,11,59,49.33,56,
white3cd,9,BL,L,11,50,51.09,59,
white3cd,19,BL,L,11,55,51.09,59,
white3cd,26,BL,N,11,56,51.09,59,
white3cd,48,BL,N,12,0,51.09,59,
white3cd,53,BL,M,12,1,51.09,59,
white3cd,54,BL,L,12,1,51.09,59,
white3cd,58,BL,L,12,5,51.09,59,
Stankake,3,BL,N,11,46,50.18,59,
Stankake,14,BL,L,11,50,50.18,59,
Stankake,24,BL,L,11,53,50.18,59,
Stankake,31,BL,L,11,56,50.18,59,
Stankake,32,BL,L,11,56,50.18,59,
Stankake,35,BL,L,11,57,50.18,59,
Stankake,37,BL,N,11,57,50.18,59,
Stankake,40,BL,N,11,58,50.18,59,
Stankake,41,BL,L,11,59,50.18,59,
Stankake,42,BL,N,11,59,50.18,59,
Stankake,50,BL,L,12,2,50.18,59,
Stankake,51,BL,M,12,2,50.18,59,
boltzjr,23,BL,L,11,51,48.53,52,
boltzjr,24,BL,M,11,51,48.53,52,
boltzjr,25,BL,N,11,52,48.53,52,
boltzjr,26,BL,N,11,52,48.53,52,
boltzjr,27,BL,N,11,52,48.53,52,
boltzjr,28,BL,N,11,52,48.53,52,
boltzjr,29,BL,N,11,53,48.53,52,
boltzjr,30,BL,N,11,53,48.53,52,
boltzjr,31,BL,N,11,53,48.53,52,
nicho2nx,9,BL,M,11,51,47.34,54,
nicho2nx,10,BL,L,11,52,47.34,54,
nicho2nx,26,BL,C,11,56,47.34,54,
nicho2nx,27,BL,C,11,56,47.34,54,
nicho2nx,43,BL,L,12,0,47.34,54,
nicho2nx,44,BL,N,12,0,47.34,54,
allenrj,6,BR,N,10,50,50.14,57,
allenrj,7,BR,N,10,50,50.14,57,
allenrj,8,BR,N,10,50,50.14,57,
allenrj,9,BR,N,10,50,50.14,57,
allenrj,10,BR,N,10,50,50.14,57,
allenrj,11,BR,N,10,50,50.14,57,
allenrj,12,BR,N,10,50,50.14,57,
allenrj,13,BR,L,10,50,50.14,57,
Pinoja,12,BR,L,10,44,48.3,49,
Pinoja,15,BR,N,10,45,48.3,49,
walsh3hm,9,BR,N,10,48,49.6,57,
walsh3hm,30,BR,L,10,52,49.6,57,
walsh3hm,46,BR,N,10,54,49.6,57,
brikkewf,23,BR,N,10,50,49.5,55,
brikkewf,24,BR,N,10,50,49.5,55,
brikkewf,25,BR,N,10,50,49.5,55,
brikkewf,26,BR,N,10,50,49.5,55,
brikkewf,27,BR,N,10,50,49.5,55,
brikkewf,28,BR,L,10,50,49.5,55,
brikkewf,29,BR,L,10,50,49.5,55,
brikkewf,30,BR,N,10,50,49.5,55,
saxmanbf,5,BR,N,10,46,50.95,58,
saxmanbf,8,BR,L,10,47,50.95,58,
saxmanbf,14,BR,N,10,48,50.95,58,
saxmanbf,16,BR,N,10,48,50.95,58,
billindr,29,BR,L,10,54,50.16,57,
billindr,30,BR,L,10,54,50.16,57,
billindr,31,BR,L,10,54,50.16,57,
billindr,32,BR,L,10,54,50.16,57,
billindr,33,BR,N,10,54,50.16,57,
billindr,34,BR,N,10,54,50.16,57,
lasekmz,10,BR,N,10,47,48.72,55,
lasekmz,16,BR,N,10,49,48.72,55,
lasekmz,22,BR,N,10,50,48.72,55,
lasekmz,23,BR,N,10,50,48.72,55,
lasekmz,49,BR,N,10,56,48.72,55,
stubengi,30,BR,L,10,54,48.64,56,
stubengi,31,BR,N,10,54,48.64,56,
stubengi,32,BR,N,10,54,48.64,56,
stubengi,33,BR,N,10,54,48.64,56,
Tiggesja,2,BR,N,10,44,50.61,57,
Tiggesja,13,BR,N,10,48,50.61,57,
Tiggesja,20,BR,L,10,50,50.61,57,
Tiggesja,25,BR,L,10,52,50.61,57,
Tiggesja,27,BR,N,10,52,50.61,57,
Tiggesja,47,BR,N,10,55,50.61,57,
selamarx,21,BR,C,10,52,48.75,55,
selamarx,25,BR,L,10,53,48.75,55,
selamarx,26,BR,N,10,53,48.75,55,
selamarx,41,BR,N,10,55,48.75,55,
selamarx,44,BR,N,10,55,48.75,55,
selamarx,45,BR,L,10,56,48.75,55,
selamarx,48,BR,N,10,56,48.75,55,
selamarx,53,BR,N,10,57,48.75,55,
gray2dl,16,BR,N,10,52,49.15,56,
gray2dl,21,BR,L,10,53,49.15,56,
gray2dl,27,BR,L,10,55,49.15,56,
gray2dl,33,BR,N,10,56,49.15,56,
gray2dl,35,BR,N,10,56,49.15,56,
Schereeu,2,BR,N,10,45,48.5,55,
Schereeu,24,BR,N,10,52,48.5,55,
Schereeu,25,BR,N,10,52,48.5,55,
Schereeu,26,BR,C,10,52,48.5,55,
Schereeu,53,BR,N,10,58,48.5,55,
Fairchap,8,BR,N,10,46,50.23,57,
Fairchap,22,BR,N,10,50,50.23,57,
Fairchap,23,BR,L,10,51,50.23,57,
Fairchap,29,BR,N,10,53,50.23,57,
Fairchap,30,BR,L,10,53,50.23,57,
Fairchap,33,BR,N,10,54,50.23,57,
Fairchap,34,BR,L,10,54,50.23,57,
Fairchap,44,BR,L,10,56,50.23,57,
Fairchap,52,BR,N,10,58,50.23,57,
Netzelbj,35,BR,N,10,51,48.95,56,
Netzelbj,36,BR,N,10,51,48.95,56,
Netzelbj,37,BR,N,10,51,48.95,56,
Netzelbj,38,BR,N,10,51,48.95,56,
Netzelbj,39,BR,L,10,52,48.95,56,
pickfoja,2,BR,N,10,47,48.95,56,
pickfoja,28,BR,N,10,56,48.95,56,
pickfoja,39,BR,L,10,59,48.95,56,
staplelm,43,BR,L,10,55,48.72,55,
staplelm,44,BR,M,10,55,48.72,55,
staplelm,45,BR,N,10,56,48.72,55,
staplelm,46,BR,N,10,56,48.72,55,
staplelm,47,BR,N,10,56,48.72,55,
staplelm,48,BR,N,10,56,48.72,55,
staplelm,49,BR,N,10,56,48.72,55,
staplelm,50,BR,N,10,56,48.72,55,
staplelm,51,BR,N,10,56,48.72,55,
rumburtm,4,BR,N,10,45,48.78,56,
rumburtm,6,BR,M,10,45,48.78,56,
rumburtm,22,BR,M,10,54,48.78,56,
rumburtm,23,BR,N,10,54,48.78,56,
rumburtm,27,BR,N,10,55,48.78,56,
rumburtm,35,BR,L,10,56,48.78,56,
rumburtm,40,BR,M,10,58,48.78,56,
paintejm,36,BR,L,10,48,47.95,55,
paintejm,37,BR,L,10,48,47.95,55,
paintejm,38,BR,L,10,48,47.95,55,
gibbonej,20,BR,L,10,55,48.93,55,
gibbonej,21,BR,L,10,55,48.93,55,
gibbonej,22,BR,N,10,55,48.93,55,
gibbonej,23,BR,C,10,56,48.93,55,
gibbonej,24,BR,L,10,56,48.93,55,
ridgepb,6,BR,L,10,50,49.8,56,
ridgepb,9,BR,L,10,50,49.8,56,
ridgepb,12,BR,N,10,51,49.8,56,
ridgepb,17,BR,N,10,52,49.8,56,
ridgepb,44,BR,N,10,58,49.8,56,
ridgepb,47,BR,N,10,59,49.8,56,
ridgepb,56,BR,N,11,0,49.8,56,
withroac,2,BR,L,10,47,47.2,55,
withroac,4,BR,C,10,48,47.2,55,
withroac,32,BR,N,10,59,47.2,55,
withroac,44,BR,N,11,3,47.2,55,
ruppreji,55,BR,N,11,5,50.18,56,
ruppreji,56,BR,N,11,5,50.18,56,
cowen2jr,15,BR,L,10,47,48.44,55,
cowen2jr,16,BR,N,10,48,48.44,55,
cowen2jr,31,BR,L,10,52,48.44,55,
barboujm,54,BR,L,11,8,48.05,54,
Barre3am,6,BR,N,10,54,49.4,56,
Barre3am,31,BR,N,11,6,49.4,56,
Barre3am,44,BR,N,11,10,49.4,56,
Waltergs,23,BR,N,11,46,50.2,57,
jacquaat,11,BR,N,11,46,49.45,57,
jacquaat,12,BR,N,11,46,49.45,57,
jacquaat,13,BR,N,11,46,49.45,57,
jacquaat,14,BR,L,11,46,49.45,57,
Delucaar,22,BR,N,11,47,50.53,57,
Delucaar,35,BR,N,11,49,50.53,57,
kaiserjm,1,BR,N,11,40,49.77,55,
kaiserjm,2,BR,N,11,40,49.77,55,
kaiserjm,3,BR,N,11,40,49.77,55,
kaiserjm,4,BR,L,11,40,49.77,55,
blandbt,27,BR,N,11,47,48.81,55,
blandbt,35,BR,N,11,48,48.81,55,
blandbt,50,BR,N,11,51,48.81,55,
rambilrd,4,BR,N,11,47,48.97,57,
rambilrd,8,BR,N,11,47,48.97,57,
rambilrd,13,BR,L,11,48,48.97,57,
rambilrd,46,BR,N,11,52,48.97,57,
rambilrd,47,BR,N,11,52,48.97,57,
rambilrd,48,BR,M,11,52,48.97,57,
rambilrd,49,BR,M,11,52,48.97,57,
rambilrd,54,BR,N,11,53,48.97,57,
rouss2wa,4,BR,N,11,47,48.97,57,
rouss2wa,8,BR,N,11,47,48.97,57,
rouss2wa,13,BR,L,11,48,48.97,57,
rouss2wa,46,BR,N,11,52,48.97,57,
rouss2wa,47,BR,N,11,52,48.97,57,
rouss2wa,48,BR,M,11,52,48.97,57,
rouss2wa,49,BR,M,11,52,48.97,57,
rouss2wa,54,BR,N,11,53,48.97,57,
drohatga,1,BR,M,11,55,49.37,56,
drohatga,2,BR,L,11,55,49.37,56,
drohatga,3,BR,N,11,55,49.37,56,
drohatga,4,BR,N,11,55,49.37,56,
drohatga,5,BR,N,11,55,49.37,56,
drohatga,6,BR,N,11,55,49.37,56,
drohatga,7,BR,N,11,55,49.37,56,
drohatga,8,BR,N,11,55,49.37,56,
frautsks,30,BR,L,11,54,48.8,55,
frautsks,31,BR,M,11,54,48.8,55,
frautsks,32,BR,N,11,54,48.8,55,
frautsks,33,BR,N,11,54,48.8,55,
witherko,18,BR,N,11,47,49.12,55,
witherko,40,BR,N,11,51,49.12,55,
Silerja,14,BR,N,11,47,48.78,55,
Silerja,15,BR,C,11,48,48.78,55,
Silerja,16,BR,C,11,48,48.78,55,
Silerja,17,BR,N,11,49,48.78,55,
Silerja,18,BR,L,11,49,48.78,55,
bettsjp,24,BR,L,11,51,49.98,58,
bettsjp,25,BR,L,11,52,49.98,58,
bettsjp,26,BR,N,11,52,49.98,58,
bettsjp,27,BR,N,11,52,49.98,58,
bettsjp,28,BR,N,11,52,49.98,58,
grimmejp,1,BR,N,11,47,51.94,59,
grimmejp,10,BR,N,11,51,51.94,59,
grimmejp,11,BR,N,11,51,51.94,59,
grimmejp,15,BR,M,11,52,51.94,59,
grimmejp,16,BR,N,11,53,51.94,59,
grimmejp,33,BR,L,11,58,51.94,59,
grimmejp,34,BR,L,11,58,51.94,59,
grimmejp,49,BR,L,12,3,51.94,59,
grimmejp,50,BR,L,12,3,51.94,59,
valentga,10,BR,N,11,48,49.98,57,
valentga,11,BR,N,11,48,49.98,57,
jankowmx,5,BR,L,11,47,49.79,55,
jankowmx,10,BR,L,11,49,49.79,55,
jankowmx,47,BR,L,11,53,49.79,55,
jankowmx,53,BR,L,11,54,49.79,55,
schuyljw,55,BR,N,11,59,50.35,57,
schuyljw,56,BR,N,11,59,50.35,57,
schuyljw,57,BR,N,11,59,50.35,57,
byrdes,50,BR,L,11,58,50.7,58,
gagnonop,15,BR,C,11,52,46.85,53,
gagnonop,21,BR,N,11,54,46.85,53,
gagnonop,32,BR,N,11,57,46.85,53,
Poolerc,1,BR,N,11,48,49.02,56,
Poolerc,2,BR,M,11,48,49.02,56,
Poolerc,3,BR,N,11,49,49.02,56,
Poolerc,4,BR,L,11,49,49.02,56,
blanchwj,48,BR,C,11,54,48.4,55,
blanchwj,49,BR,L,11,54,48.4,55,
blanchwj,50,BR,N,11,54,48.4,55,
blanchwj,51,BR,N,11,54,48.4,55,
blanchwj,52,BR,N,11,54,48.4,55,
blanchwj,53,BR,N,11,54,48.4,55,
blanchwj,54,BR,N,11,54,48.4,55,
blanchwj,55,BR,N,11,51,48.4,55,
cartoncr,12,BR,L,11,52,48.57,55,
grimmejp,1,BR,N,11,47,51.94,59,
grimmejp,10,BR,N,11,51,51.94,59,
grimmejp,11,BR,N,11,51,51.94,59,
grimmejp,15,BR,M,11,52,51.94,59,
grimmejp,16,BR,N,11,53,51.94,59,
grimmejp,33,BR,L,11,58,51.94,59,
grimmejp,34,BR,L,11,58,51.94,59,
grimmejp,49,BR,L,12,3,51.94,59,
grimmejp,50,BR,L,12,3,51.94,59,
clark3kr,7,BR,L,11,51,49.33,56,
clark3kr,38,BR,L,11,59,49.33,56,
white3cd,14,BR,L,11,53,51.09,59,
white3cd,21,BR,L,11,55,51.09,59,
white3cd,29,BR,L,11,57,51.09,59,
white3cd,36,BR,N,11,58,51.09,59,
white3cd,51,BR,M,12,1,51.09,59,
Stankake,26,BR,N,11,54,50.18,59,
Stankake,33,BR,N,11,56,50.18,59,
Stankake,52,BR,N,12,2,50.18,59,
boltzjr,32,BR,L,11,53,48.53,52,
boltzjr,33,BR,L,11,54,48.53,52,
boltzjr,34,BR,M,11,54,48.53,52,
boltzjr,35,BR,N,11,54,48.53,52,
nicho2nx,11,BR,M,11,52,47.34,54,
nicho2nx,13,BR,C,11,53,47.34,54,
nicho2nx,14,BR,M,11,53,47.34,54,
nicho2nx,28,BR,L,11,56,47.34,54,
nicho2nx,30,BR,L,11,57,47.34,54,
nicho2nx,31,BR,M,11,57,47.34,54,
nicho2nx,45,BR,N,12,1,47.34,54,
nicho2nx,47,BR,C,12,1,47.34,54,
nicho2nx,48,BR,L,12,2,47.34,54,
allenrj,32,G,N,10,55,50.14,57,
allenrj,33,G,N,10,55,50.14,57,
allenrj,34,G,N,10,55,50.14,57,
allenrj,35,G,N,10,55,50.14,57,
allenrj,36,G,N,10,55,50.14,57,
allenrj,37,G,N,10,55,50.14,57,
allenrj,38,G,N,10,55,50.14,57,
allenrj,39,G,N,10,55,50.14,57,
allenrj,40,G,N,10,55,50.14,57,
allenrj,41,G,M,10,55,50.14,57,
allenrj,42,G,M,10,55,50.14,57,
allenrj,43,G,M,10,55,50.14,57,
allenrj,44,G,L,10,55,50.14,57,
allenrj,45,G,C,10,55,50.14,57,
allenrj,46,G,C,10,55,50.14,57,
Pinoja,6,G,C,10,43,48.3,49,
Pinoja,7,G,C,10,43,48.3,49,
Pinoja,9,G,N,10,43,48.3,49,
Pinoja,13,G,N,10,45,48.3,49,
Pinoja,19,G,L,10,46,48.3,49,
Pinoja,21,G,L,10,47,48.3,49,
Pinoja,24,G,L,10,48,48.3,49,
Pinoja,26,G,N,10,49,48.3,49,
Pinoja,34,G,N,10,50,48.3,49,
Pinoja,44,G,N,10,51,48.3,49,
Pinoja,47,G,N,10,51,48.3,49,
walsh3hm,6,G,N,10,48,49.6,57,
walsh3hm,8,G,N,10,48,49.6,57,
walsh3hm,10,G,N,10,48,49.6,57,
walsh3hm,11,G,N,10,49,49.6,57,
walsh3hm,13,G,N,10,49,49.6,57,
walsh3hm,16,G,N,10,50,49.6,57,
walsh3hm,22,G,L,10,51,49.6,57,
walsh3hm,29,G,L,10,52,49.6,57,
walsh3hm,32,G,N,10,52,49.6,57,
walsh3hm,34,G,L,10,52,49.6,57,
walsh3hm,40,G,L,10,53,49.6,57,
walsh3hm,42,G,N,10,54,49.6,57,
walsh3hm,48,G,L,10,55,49.6,57,
walsh3hm,49,G,L,10,55,49.6,57,
walsh3hm,50,G,N,10,55,49.6,57,
walsh3hm,52,G,L,10,55,49.6,57,
brikkewf,1,G,N,10,44,49.5,55,
brikkewf,2,G,C,10,47,49.5,55,
brikkewf,3,G,C,10,47,49.5,55,
brikkewf,4,G,C,10,47,49.5,55,
brikkewf,5,G,N,10,47,49.5,55,
brikkewf,6,G,N,10,47,49.5,55,
brikkewf,7,G,N,10,47,49.5,55,
brikkewf,8,G,N,10,47,49.5,55,
brikkewf,9,G,N,10,47,49.5,55,
brikkewf,10,G,N,10,47,49.5,55,
brikkewf,11,G,N,10,47,49.5,55,
brikkewf,12,G,N,10,47,49.5,55,
saxmanbf,3,G,L,10,45,50.95,58,
saxmanbf,26,G,L,10,50,50.95,58,
saxmanbf,27,G,N,10,51,50.95,58,
saxmanbf,28,G,L,10,51,50.95,58,
saxmanbf,32,G,N,10,52,50.95,58,
saxmanbf,34,G,C,10,53,50.95,58,
saxmanbf,41,G,N,10,54,50.95,58,
saxmanbf,43,G,L,10,55,50.95,58,
saxmanbf,50,G,N,10,56,50.95,58,
saxmanbf,51,G,N,10,56,50.95,58,
saxmanbf,55,G,N,10,57,50.95,58,
saxmanbf,58,G,N,10,57,50.95,58,
billindr,35,G,L,10,55,50.16,57,
billindr,36,G,L,10,55,50.16,57,
billindr,37,G,L,10,55,50.16,57,
billindr,38,G,N,10,55,50.16,57,
billindr,39,G,N,10,55,50.16,57,
billindr,40,G,N,10,55,50.16,57,
billindr,41,G,N,10,55,50.16,57,
billindr,42,G,N,10,55,50.16,57,
billindr,43,G,N,10,55,50.16,57,
billindr,44,G,N,10,55,50.16,57,
billindr,45,G,N,10,55,50.16,57,
billindr,46,G,N,10,55,50.16,57,
billindr,47,G,N,10,55,50.16,57,
billindr,48,G,N,10,55,50.16,57,
lasekmz,1,G,L,10,44,48.72,55,
lasekmz,2,G,C,10,44,48.72,55,
lasekmz,5,G,C,10,45,48.72,55,
lasekmz,9,G,N,10,46,48.72,55,
lasekmz,15,G,N,10,48,48.72,55,
lasekmz,17,G,N,10,49,48.72,55,
lasekmz,18,G,N,10,49,48.72,55,
lasekmz,20,G,N,10,50,48.72,55,
lasekmz,25,G,N,10,51,48.72,55,
lasekmz,26,G,N,10,51,48.72,55,
lasekmz,37,G,L,10,53,48.72,55,
lasekmz,39,G,L,10,54,48.72,55,
lasekmz,43,G,L,10,54,48.72,55,
lasekmz,44,G,C,10,55,48.72,55,
lasekmz,52,G,N,10,56,48.72,55,
lasekmz,55,G,N,10,57,48.72,55,
stubengi,8,G,L,10,51,48.64,56,
stubengi,9,G,L,10,51,48.64,56,
stubengi,10,G,L,10,51,48.64,56,
stubengi,11,G,L,10,51,48.64,56,
stubengi,12,G,L,10,51,48.64,56,
stubengi,13,G,N,10,51,48.64,56,
stubengi,14,G,N,10,51,48.64,56,
stubengi,15,G,N,10,51,48.64,56,
stubengi,16,G,N,10,51,48.64,56,
stubengi,17,G,N,10,51,48.64,56,
stubengi,18,G,N,10,51,48.64,56,
stubengi,19,G,N,10,51,48.64,56,
stubengi,20,G,N,10,51,48.64,56,
stubengi,21,G,N,10,51,48.64,56,
Tiggesja,6,G,N,10,46,50.61,57,
Tiggesja,12,G,N,10,48,50.61,57,
Tiggesja,18,G,N,10,50,50.61,57,
Tiggesja,21,G,N,10,51,50.61,57,
Tiggesja,24,G,L,10,52,50.61,57,
Tiggesja,26,G,L,10,52,50.61,57,
Tiggesja,31,G,L,10,53,50.61,57,
Tiggesja,34,G,N,10,53,50.61,57,
Tiggesja,36,G,L,10,54,50.61,57,
Tiggesja,41,G,C,10,55,50.61,57,
Tiggesja,46,G,N,10,55,50.61,57,
Tiggesja,51,G,L,10,56,50.61,57,
Tiggesja,52,G,L,10,56,50.61,57,
Tiggesja,53,G,L,10,56,50.61,57,
Tiggesja,54,G,N,10,56,50.61,57,
selamarx,1,G,L,10,46,48.75,55,
selamarx,5,G,N,10,47,48.75,55,
selamarx,7,G,N,10,48,48.75,55,
selamarx,14,G,N,10,50,48.75,55,
selamarx,16,G,N,10,51,48.75,55,
selamarx,19,G,N,10,51,48.75,55,
selamarx,24,G,N,10,52,48.75,55,
selamarx,27,G,N,10,53,48.75,55,
selamarx,30,G,L,10,53,48.75,55,
selamarx,31,G,C,10,54,48.75,55,
selamarx,34,G,L,10,54,48.75,55,
selamarx,35,G,N,10,54,48.75,55,
selamarx,40,G,C,10,55,48.75,55,
selamarx,42,G,L,10,55,48.75,55,
selamarx,52,G,L,10,57,48.75,55,
selamarx,54,G,N,10,57,48.75,55,
gray2dl,7,G,N,10,50,49.15,56,
gray2dl,14,G,C,10,52,49.15,56,
gray2dl,18,G,N,10,53,49.15,56,
gray2dl,26,G,L,10,54,49.15,56,
gray2dl,30,G,N,10,55,49.15,56,
gray2dl,36,G,L,10,56,49.15,56,
gray2dl,52,G,L,10,59,49.15,56,
Schereeu,9,G,N,10,47,48.5,55,
Schereeu,14,G,C,10,48,48.5,55,
Schereeu,31,G,L,10,53,48.5,55,
Schereeu,39,G,N,10,55,48.5,55,
Schereeu,41,G,N,10,56,48.5,55,
Schereeu,43,G,N,10,56,48.5,55,
Schereeu,45,G,L,10,56,48.5,55,
Schereeu,46,G,N,10,56,48.5,55,
Schereeu,55,G,N,10,59,48.5,55,
Fairchap,1,G,N,10,43,50.23,57,
Fairchap,2,G,N,10,44,50.23,57,
Fairchap,5,G,N,10,45,50.23,57,
Fairchap,6,G,N,10,45,50.23,57,
Fairchap,7,G,N,10,46,50.23,57,
Fairchap,10,G,M,10,47,50.23,57,
Fairchap,24,G,L,10,51,50.23,57,
Fairchap,27,G,N,10,52,50.23,57,
Fairchap,28,G,N,10,52,50.23,57,
Fairchap,35,G,N,10,54,50.23,57,
Fairchap,36,G,N,10,54,50.23,57,
Fairchap,38,G,N,10,54,50.23,57,
Fairchap,40,G,N,10,55,50.23,57,
Fairchap,42,G,L,10,55,50.23,57,
Fairchap,43,G,N,10,56,50.23,57,
Fairchap,45,G,N,10,56,50.23,57,
Fairchap,51,G,N,10,58,50.23,57,
Netzelbj,20,G,N,10,49,48.95,56,
Netzelbj,21,G,N,10,49,48.95,56,
Netzelbj,22,G,N,10,49,48.95,56,
Netzelbj,23,G,N,10,49,48.95,56,
Netzelbj,24,G,N,10,49,48.95,56,
Netzelbj,25,G,N,10,49,48.95,56,
Netzelbj,26,G,N,10,49,48.95,56,
Netzelbj,27,G,N,10,49,48.95,56,
Netzelbj,28,G,N,10,50,48.95,56,
Netzelbj,29,G,N,10,50,48.95,56,
Netzelbj,30,G,N,10,50,48.95,56,
Netzelbj,31,G,N,10,50,48.95,56,
Netzelbj,32,G,L,10,50,48.95,56,
Netzelbj,33,G,L,10,50,48.95,56,
Netzelbj,34,G,L,10,51,48.95,56,
pickfoja,6,G,C,10,49,48.95,56,
pickfoja,11,G,L,10,51,48.95,56,
pickfoja,13,G,M,10,51,48.95,56,
pickfoja,15,G,C,10,52,48.95,56,
pickfoja,16,G,L,10,53,48.95,56,
pickfoja,17,G,N,10,53,48.95,56,
pickfoja,24,G,L,10,54,48.95,56,
pickfoja,26,G,L,10,55,48.95,56,
pickfoja,31,G,M,10,56,48.95,56,
pickfoja,36,G,N,10,58,48.95,56,
pickfoja,40,G,N,10,59,48.95,56,
pickfoja,53,G,L,11,2,48.95,56,
staplelm,1,G,M,10,45,48.72,55,
staplelm,2,G,N,10,45,48.72,55,
staplelm,3,G,N,10,45,48.72,55,
staplelm,4,G,N,10,46,48.72,55,
staplelm,5,G,L,10,46,48.72,55,
staplelm,6,G,N,10,46,48.72,55,
staplelm,7,G,N,10,46,48.72,55,
staplelm,8,G,N,10,47,48.72,55,
staplelm,9,G,L,10,47,48.72,55,
staplelm,10,G,N,10,48,48.72,55,
staplelm,11,G,N,10,48,48.72,55,
staplelm,12,G,N,10,48,48.72,55,
staplelm,13,G,N,10,48,48.72,55,
rumburtm,7,G,N,10,46,48.78,56,
rumburtm,15,G,N,10,50,48.78,56,
rumburtm,18,G,C,10,52,48.78,56,
rumburtm,20,G,M,10,53,48.78,56,
rumburtm,29,G,L,10,55,48.78,56,
rumburtm,30,G,N,10,55,48.78,56,
rumburtm,39,G,L,10,58,48.78,56,
rumburtm,43,G,M,10,59,48.78,56,
rumburtm,46,G,L,10,59,48.78,56,
rumburtm,49,G,N,10,59,48.78,56,
rumburtm,52,G,N,10,59,48.78,56,
rumburtm,53,G,N,10,59,48.78,56,
rumburtm,54,G,C,10,59,48.78,56,
paintejm,15,G,L,10,47,47.95,55,
paintejm,16,G,L,10,47,47.95,55,
paintejm,17,G,N,10,47,47.95,55,
paintejm,18,G,N,10,47,47.95,55,
paintejm,19,G,N,10,48,47.95,55,
paintejm,20,G,N,10,48,47.95,55,
paintejm,21,G,L,10,48,47.95,55,
paintejm,22,G,M,10,48,47.95,55,
paintejm,23,G,N,10,48,47.95,55,
paintejm,24,G,N,10,48,47.95,55,
paintejm,25,G,N,10,48,47.95,55,
paintejm,26,G,N,10,48,47.95,55,
paintejm,27,G,N,10,48,47.95,55,
paintejm,28,G,N,10,48,47.95,55,
gibbonej,32,G,L,10,59,48.93,55,
gibbonej,33,G,L,10,59,48.93,55,
gibbonej,34,G,N,10,59,48.93,55,
gibbonej,35,G,N,10,59,48.93,55,
gibbonej,36,G,L,10,59,48.93,55,
gibbonej,37,G,L,10,59,48.93,55,
gibbonej,38,G,N,11,0,48.93,55,
gibbonej,39,G,L,11,0,48.93,55,
gibbonej,40,G,L,11,0,48.93,55,
gibbonej,41,G,M,11,0,48.93,55,
gibbonej,42,G,N,11,0,48.93,55,
gibbonej,43,G,N,11,0,48.93,55,
ridgepb,3,G,N,10,47,49.8,56,
ridgepb,8,G,N,10,50,49.8,56,
ridgepb,16,G,L,10,52,49.8,56,
ridgepb,26,G,C,10,54,49.8,56,
ridgepb,27,G,N,10,55,49.8,56,
ridgepb,29,G,N,10,55,49.8,56,
ridgepb,31,G,N,10,56,49.8,56,
ridgepb,34,G,L,10,57,49.8,56,
ridgepb,42,G,N,10,58,49.8,56,
ridgepb,45,G,N,10,58,49.8,56,
ridgepb,53,G,L,11,0,49.8,56,
withroac,3,G,M,10,48,47.2,55,
withroac,6,G,C,10,49,47.2,55,
withroac,11,G,N,10,52,47.2,55,
withroac,13,G,L,10,53,47.2,55,
withroac,18,G,M,10,55,47.2,55,
withroac,19,G,L,10,55,47.2,55,
withroac,20,G,N,10,55,47.2,55,
withroac,22,G,L,10,56,47.2,55,
withroac,26,G,L,10,57,47.2,55,
withroac,33,G,C,10,59,47.2,55,
withroac,34,G,C,11,0,47.2,55,
withroac,35,G,N,11,0,47.2,55,
withroac,36,G,L,11,0,47.2,55,
withroac,37,G,C,11,1,47.2,55,
withroac,39,G,N,11,2,47.2,55,
withroac,46,G,N,11,4,47.2,55,
withroac,47,G,N,11,4,47.2,55,
ruppreji,5,G,C,10,48,50.18,56,
ruppreji,11,G,N,10,51,50.18,56,
ruppreji,12,G,L,10,51,50.18,56,
ruppreji,13,G,L,10,51,50.18,56,
ruppreji,14,G,N,10,52,50.18,56,
ruppreji,15,G,N,10,52,50.18,56,
ruppreji,16,G,N,10,53,50.18,56,
ruppreji,17,G,C,10,53,50.18,56,
ruppreji,18,G,M,10,53,50.18,56,
ruppreji,19,G,N,10,54,50.18,56,
ruppreji,20,G,N,10,54,50.18,56,
cowen2jr,1,G,L,10,43,48.44,55,
cowen2jr,2,G,L,10,43,48.44,55,
cowen2jr,10,G,N,10,46,48.44,55,
cowen2jr,30,G,L,10,52,48.44,55,
cowen2jr,33,G,C,10,53,48.44,55,
cowen2jr,35,G,N,10,53,48.44,55,
cowen2jr,53,G,N,10,57,48.44,55,
barboujm,14,G,C,10,56,48.05,54,
barboujm,19,G,N,10,59,48.05,54,
barboujm,23,G,M,11,0,48.05,54,
barboujm,24,G,C,11,0,48.05,54,
barboujm,25,G,N,11,0,48.05,54,
barboujm,29,G,N,11,2,48.05,54,
barboujm,30,G,N,11,2,48.05,54,
barboujm,31,G,N,11,2,48.05,54,
barboujm,45,G,L,11,6,48.05,54,
barboujm,46,G,L,11,6,48.05,54,
Barre3am,3,G,L,10,49,49.4,56,
Barre3am,8,G,N,10,55,49.4,56,
Barre3am,10,G,L,10,56,49.4,56,
Barre3am,11,G,N,10,56,49.4,56,
Barre3am,12,G,N,10,56,49.4,56,
Barre3am,23,G,N,11,3,49.4,56,
Barre3am,26,G,N,11,4,49.4,56,
Barre3am,28,G,L,11,5,49.4,56,
Barre3am,29,G,N,11,5,49.4,56,
Barre3am,32,G,M,11,6,49.4,56,
Barre3am,37,G,N,11,8,49.4,56,
Barre3am,43,G,N,11,9,49.4,56,
Barre3am,50,G,M,11,11,49.4,56,
Barre3am,53,G,N,11,12,49.4,56,
Barre3am,56,G,M,11,13,49.4,56,
Waltergs,16,G,N,11,46,50.2,57,
Waltergs,24,G,N,11,46,50.2,57,
Waltergs,29,G,L,11,46,50.2,57,
Waltergs,32,G,N,11,46,50.2,57,
Waltergs,38,G,L,11,46,50.2,57,
Waltergs,42,G,N,11,46,50.2,57,
Waltergs,43,G,N,11,46,50.2,57,
Waltergs,44,G,N,11,46,50.2,57,
Waltergs,50,G,L,11,46,50.2,57,
Waltergs,53,G,N,11,46,50.2,57,
Waltergs,55,G,N,11,46,50.2,57,
Waltergs,56,G,N,11,46,50.2,57,
Waltergs,57,G,N,11,46,50.2,57,
jacquaat,31,G,N,11,47,49.45,57,
jacquaat,32,G,N,11,47,49.45,57,
jacquaat,33,G,N,11,47,49.45,57,
jacquaat,34,G,N,11,47,49.45,57,
jacquaat,35,G,N,11,47,49.45,57,
jacquaat,36,G,N,11,47,49.45,57,
jacquaat,37,G,N,11,47,49.45,57,
jacquaat,38,G,N,11,47,49.45,57,
jacquaat,39,G,N,11,47,49.45,57,
jacquaat,40,G,L,11,47,49.45,57,
jacquaat,41,G,L,11,47,49.45,57,
jacquaat,42,G,L,11,47,49.45,57,
jacquaat,43,G,L,11,47,49.45,57,
jacquaat,44,G,C,11,47,49.45,57,
jacquaat,45,G,C,11,47,49.45,57,
jacquaat,46,G,C,11,47,49.45,57,
jacquaat,47,G,M,11,47,49.45,57,
Delucaar,2,G,N,11,42,50.53,57,
Delucaar,4,G,M,11,43,50.53,57,
Delucaar,10,G,L,11,44,50.53,57,
Delucaar,14,G,N,11,45,50.53,57,
Delucaar,17,G,N,11,45,50.53,57,
Delucaar,19,G,N,11,46,50.53,57,
Delucaar,23,G,N,11,47,50.53,57,
Delucaar,24,G,M,11,47,50.53,57,
Delucaar,25,G,N,11,47,50.53,57,
Delucaar,29,G,N,11,48,50.53,57,
Delucaar,30,G,N,11,48,50.53,57,
Delucaar,31,G,N,11,48,50.53,57,
Delucaar,33,G,C,11,48,50.53,57,
Delucaar,36,G,N,11,49,50.53,57,
Delucaar,37,G,N,11,49,50.53,57,
Delucaar,39,G,N,11,50,50.53,57,
Delucaar,41,G,N,11,50,50.53,57,
Delucaar,44,G,N,11,51,50.53,57,
Delucaar,45,G,N,11,51,50.53,57,
Delucaar,46,G,N,11,51,50.53,57,
Delucaar,48,G,N,11,51,50.53,57,
Delucaar,53,G,N,11,52,50.53,57,
Delucaar,54,G,M,11,52,50.53,57,
kaiserjm,45,G,L,11,54,49.77,55,
kaiserjm,46,G,L,11,56,49.77,55,
kaiserjm,47,G,L,11,56,49.77,55,
kaiserjm,48,G,L,11,56,49.77,55,
kaiserjm,49,G,L,11,56,49.77,55,
kaiserjm,50,G,N,11,56,49.77,55,
kaiserjm,51,G,N,11,56,49.77,55,
kaiserjm,52,G,N,11,56,49.77,55,
kaiserjm,53,G,N,11,57,49.77,55,
kaiserjm,54,G,N,11,57,49.77,55,
kaiserjm,55,G,N,11,57,49.77,55,
blandbt,1,G,L,11,42,48.81,55,
blandbt,12,G,N,11,44,48.81,55,
blandbt,17,G,N,11,45,48.81,55,
blandbt,19,G,N,11,46,48.81,55,
blandbt,21,G,L,11,46,48.81,55,
blandbt,30,G,N,11,48,48.81,55,
blandbt,44,G,L,11,50,48.81,55,
blandbt,45,G,M,11,50,48.81,55,
blandbt,49,G,L,11,51,48.81,55,
blandbt,51,G,C,11,51,48.81,55,
rambilrd,2,G,L,11,46,48.97,57,
rambilrd,12,G,N,11,48,48.97,57,
rambilrd,17,G,N,11,48,48.97,57,
rambilrd,21,G,N,11,49,48.97,57,
rambilrd,24,G,L,11,50,48.97,57,
rambilrd,28,G,N,11,50,48.97,57,
rambilrd,29,G,N,11,50,48.97,57,
rambilrd,30,G,N,11,50,48.97,57,
rambilrd,40,G,N,11,51,48.97,57,
rambilrd,41,G,N,11,51,48.97,57,
rambilrd,44,G,L,11,52,48.97,57,
rambilrd,45,G,L,11,52,48.97,57,
rambilrd,50,G,N,11,53,48.97,57,
rambilrd,51,G,N,11,53,48.97,57,
rambilrd,56,G,N,11,53,48.97,57,
rouss2wa,2,G,L,11,46,48.97,57,
rouss2wa,12,G,N,11,48,48.97,57,
rouss2wa,17,G,N,11,48,48.97,57,
rouss2wa,21,G,N,11,49,48.97,57,
rouss2wa,24,G,L,11,50,48.97,57,
rouss2wa,28,G,N,11,50,48.97,57,
rouss2wa,29,G,N,11,50,48.97,57,
rouss2wa,30,G,N,11,50,48.97,57,
rouss2wa,40,G,N,11,51,48.97,57,
rouss2wa,41,G,N,11,51,48.97,57,
rouss2wa,44,G,L,11,52,48.97,57,
rouss2wa,45,G,L,11,52,48.97,57,
rouss2wa,50,G,N,11,53,48.97,57,
rouss2wa,51,G,N,11,53,48.97,57,
rouss2wa,56,G,N,11,53,48.97,57,
drohatga,31,G,N,11,55,49.37,56,
drohatga,32,G,M,11,55,49.37,56,
drohatga,33,G,N,11,55,49.37,56,
drohatga,34,G,N,11,55,49.37,56,
drohatga,35,G,N,11,55,49.37,56,
drohatga,36,G,N,11,55,49.37,56,
drohatga,37,G,M,11,55,49.37,56,
drohatga,38,G,N,11,55,49.37,56,
drohatga,39,G,L,11,55,49.37,56,
drohatga,40,G,L,11,55,49.37,56,
frautsks,34,G,M,11,56,48.8,55,
frautsks,35,G,M,11,56,48.8,55,
frautsks,36,G,L,11,56,48.8,55,
frautsks,37,G,L,11,56,48.8,55,
frautsks,38,G,L,11,56,48.8,55,
frautsks,39,G,L,11,56,48.8,55,
frautsks,40,G,L,11,56,48.8,55,
frautsks,41,G,N,11,56,48.8,55,
frautsks,42,G,N,11,56,48.8,55,
frautsks,43,G,N,11,56,48.8,55,
frautsks,44,G,N,11,56,48.8,55,
frautsks,45,G,N,11,56,48.8,55,
witherko,1,G,N,11,43,49.12,55,
witherko,6,G,N,11,15,49.12,55,
witherko,8,G,N,11,45,49.12,55,
witherko,10,G,L,11,45,49.12,55,
witherko,15,G,N,11,47,49.12,55,
witherko,19,G,L,11,47,49.12,55,
witherko,48,G,N,11,53,49.12,55,
witherko,49,G,L,11,53,49.12,55,
witherko,50,G,N,11,53,49.12,55,
witherko,51,G,N,11,53,49.12,55,
witherko,52,G,N,11,53,49.12,55,
witherko,53,G,N,11,54,49.12,55,
witherko,54,G,M,11,54,49.12,55,
witherko,55,G,N,11,54,49.12,55,
Silerja,4,G,L,11,45,48.78,55,
Silerja,7,G,M,11,45,48.78,55,
Silerja,8,G,C,11,45,48.78,55,
Silerja,11,G,N,11,46,48.78,55,
Silerja,12,G,N,11,46,48.78,55,
Silerja,32,G,N,11,53,48.78,55,
Silerja,33,G,N,11,53,48.78,55,
Silerja,34,G,N,11,53,48.78,55,
Silerja,35,G,C,11,53,48.78,55,
Silerja,36,G,L,11,53,48.78,55,
Silerja,37,G,L,11,53,48.78,55,
Silerja,38,G,M,11,53,48.78,55,
bettsjp,45,G,M,11,55,49.98,58,
bettsjp,46,G,N,11,55,49.98,58,
bettsjp,47,G,N,11,55,49.98,58,
bettsjp,48,G,L,11,56,49.98,58,
bettsjp,49,G,N,11,56,49.98,58,
bettsjp,50,G,N,11,56,49.98,58,
bettsjp,51,G,M,11,56,49.98,58,
bettsjp,52,G,L,11,56,49.98,58,
bettsjp,53,G,L,11,57,49.98,58,
bettsjp,54,G,C,11,57,49.98,58,
bettsjp,55,G,C,11,57,49.98,58,
bettsjp,56,G,C,11,57,49.98,58,
bettsjp,57,G,N,11,58,49.98,58,
bettsjp,58,G,L,11,58,49.98,58,
grimmejp,12,G,L,11,52,51.94,59,
grimmejp,21,G,L,11,54,51.94,59,
grimmejp,22,G,L,11,55,51.94,59,
grimmejp,24,G,L,11,55,51.94,59,
grimmejp,38,G,L,11,59,51.94,59,
grimmejp,41,G,L,12,0,51.94,59,
grimmejp,42,G,L,12,1,51.94,59,
grimmejp,43,G,N,12,1,51.94,59,
grimmejp,44,G,N,12,1,51.94,59,
valentga,42,G,N,11,55,49.98,57,
valentga,43,G,L,11,55,49.98,57,
valentga,44,G,M,11,55,49.98,57,
valentga,45,G,L,11,56,49.98,57,
valentga,46,G,N,11,56,49.98,57,
valentga,47,G,L,11,56,49.98,57,
valentga,48,G,N,11,56,49.98,57,
valentga,49,G,L,11,56,49.98,57,
valentga,50,G,N,11,56,49.98,57,
valentga,51,G,L,11,56,49.98,57,
valentga,52,G,N,11,57,49.98,57,
valentga,53,G,N,11,57,49.98,57,
valentga,54,G,N,11,57,49.98,57,
valentga,55,G,L,11,57,49.98,57,
valentga,56,G,M,11,57,49.98,57,
valentga,57,G,L,11,57,49.98,57,
jankowmx,2,G,L,11,47,49.79,55,
jankowmx,3,G,N,11,47,49.79,55,
jankowmx,7,G,L,11,48,49.79,55,
jankowmx,11,G,N,11,49,49.79,55,
jankowmx,24,G,L,11,51,49.79,55,
jankowmx,25,G,L,11,51,49.79,55,
jankowmx,26,G,L,11,51,49.79,55,
jankowmx,28,G,L,11,51,49.79,55,
jankowmx,40,G,L,11,53,49.79,55,
jankowmx,41,G,L,11,53,49.79,55,
jankowmx,46,G,N,11,53,49.79,55,
jankowmx,50,G,N,11,54,49.79,55,
jankowmx,51,G,L,11,54,49.79,55,
schuyljw,10,G,N,11,48,50.35,57,
schuyljw,11,G,N,11,48,50.35,57,
schuyljw,12,G,N,11,49,50.35,57,
schuyljw,13,G,L,11,49,50.35,57,
schuyljw,14,G,L,11,49,50.35,57,
schuyljw,15,G,N,11,49,50.35,57,
schuyljw,16,G,C,11,49,50.35,57,
schuyljw,17,G,L,11,50,50.35,57,
schuyljw,18,G,N,11,50,50.35,57,
schuyljw,19,G,N,11,50,50.35,57,
schuyljw,20,G,M,11,50,50.35,57,
schuyljw,21,G,N,11,50,50.35,57,
schuyljw,22,G,L,11,51,50.35,57,
byrdes,1,G,L,11,43,50.7,58,
byrdes,5,G,N,11,45,50.7,58,
byrdes,8,G,N,11,46,50.7,58,
byrdes,10,G,C,11,47,50.7,58,
byrdes,12,G,L,11,48,50.7,58,
byrdes,18,G,N,11,49,50.7,58,
byrdes,19,G,N,11,50,50.7,58,
byrdes,20,G,N,11,50,50.7,58,
byrdes,23,G,N,11,50,50.7,58,
byrdes,30,G,L,11,52,50.7,58,
byrdes,32,G,N,11,53,50.7,58,
byrdes,35,G,M,11,53,50.7,58,
byrdes,36,G,L,11,54,50.7,58,
byrdes,42,G,N,11,55,50.7,58,
byrdes,46,G,L,11,57,50.7,58,
byrdes,47,G,L,11,57,50.7,58,
byrdes,51,G,L,11,58,50.7,58,
byrdes,52,G,N,11,58,50.7,58,
byrdes,53,G,L,11,59,50.7,58,
byrdes,57,G,L,11,59,50.7,58,
gagnonop,4,G,N,11,48,46.85,53,
gagnonop,7,G,L,11,49,46.85,53,
gagnonop,9,G,L,11,50,46.85,53,
gagnonop,12,G,M,11,51,46.85,53,
gagnonop,14,G,M,11,52,46.85,53,
gagnonop,20,G,C,11,54,46.85,53,
gagnonop,25,G,N,11,55,46.85,53,
gagnonop,27,G,L,11,56,46.85,53,
gagnonop,30,G,N,11,57,46.85,53,
gagnonop,36,G,N,11,58,46.85,53,
gagnonop,40,G,N,11,59,46.85,53,
gagnonop,44,G,M,12,0,46.85,53,
gagnonop,49,G,N,12,1,46.85,53,
gagnonop,50,G,N,12,1,46.85,53,
gagnonop,51,G,L,12,2,46.85,53,
Poolerc,25,G,N,11,54,49.02,56,
Poolerc,26,G,L,11,55,49.02,56,
Poolerc,27,G,L,11,55,49.02,56,
Poolerc,28,G,N,11,55,49.02,56,
Poolerc,29,G,N,11,55,49.02,56,
Poolerc,30,G,L,11,55,49.02,56,
Poolerc,31,G,N,11,55,49.02,56,
Poolerc,32,G,L,11,56,49.02,56,
Poolerc,33,G,N,11,56,49.02,56,
Poolerc,34,G,N,11,56,49.02,56,
Poolerc,35,G,M,11,56,49.02,56,
blanchwj,17,G,N,11,52,48.4,55,
blanchwj,18,G,M,11,52,48.4,55,
blanchwj,19,G,L,11,53,48.4,55,
blanchwj,20,G,N,11,53,48.4,55,
blanchwj,21,G,L,11,53,48.4,55,
blanchwj,22,G,N,11,53,48.4,55,
blanchwj,23,G,N,11,53,48.4,55,
blanchwj,24,G,L,11,53,48.4,55,
blanchwj,25,G,N,11,53,48.4,55,
blanchwj,26,G,L,11,53,48.4,55,
blanchwj,27,G,C,11,53,48.4,55,
blanchwj,28,G,N,11,54,48.4,55,
blanchwj,29,G,C,11,54,48.4,55,
blanchwj,30,G,N,11,54,48.4,55,
cartoncr,4,G,M,11,49,48.57,55,
cartoncr,5,G,L,11,49,48.57,55,
cartoncr,6,G,N,11,49,48.57,55,
cartoncr,7,G,N,11,50,48.57,55,
cartoncr,8,G,N,11,50,48.57,55,
cartoncr,19,G,L,11,54,48.57,55,
cartoncr,22,G,M,11,55,48.57,55,
cartoncr,23,G,L,11,55,48.57,55,
cartoncr,24,G,M,11,55,48.57,55,
cartoncr,35,G,N,11,57,48.57,55,
cartoncr,42,G,L,11,59,48.57,55,
cartoncr,47,G,N,12,0,48.57,55,
cartoncr,49,G,L,12,1,48.57,55,
grimmejp,12,G,L,11,52,51.94,59,
grimmejp,21,G,L,11,54,51.94,59,
grimmejp,22,G,L,11,55,51.94,59,
grimmejp,24,G,L,11,55,51.94,59,
grimmejp,38,G,L,11,59,51.94,59,
grimmejp,41,G,L,12,0,51.94,59,
grimmejp,42,G,L,12,1,51.94,59,
grimmejp,43,G,N,12,1,51.94,59,
grimmejp,44,G,N,12,1,51.94,59,
clark3kr,2,G,N,11,49,49.33,56,
clark3kr,16,G,N,11,54,49.33,56,
clark3kr,17,G,N,11,54,49.33,56,
clark3kr,18,G,N,11,54,49.33,56,
clark3kr,19,G,N,11,54,49.33,56,
clark3kr,20,G,M,11,55,49.33,56,
clark3kr,21,G,N,11,55,49.33,56,
clark3kr,22,G,N,11,55,49.33,56,
clark3kr,23,G,M,11,55,49.33,56,
clark3kr,24,G,M,11,55,49.33,56,
clark3kr,25,G,C,11,56,49.33,56,
clark3kr,26,G,C,11,56,49.33,56,
clark3kr,27,G,N,11,56,49.33,56,
clark3kr,28,G,N,11,56,49.33,56,
white3cd,1,G,M,11,46,51.09,59,
white3cd,7,G,N,11,49,51.09,59,
white3cd,11,G,N,11,51,51.09,59,
white3cd,13,G,N,11,53,51.09,59,
white3cd,22,G,N,11,55,51.09,59,
white3cd,23,G,N,11,55,51.09,59,
white3cd,24,G,N,11,56,51.09,59,
white3cd,30,G,N,11,57,51.09,59,
white3cd,31,G,N,11,57,51.09,59,
white3cd,37,G,N,11,58,51.09,59,
white3cd,39,G,C,11,58,51.09,59,
white3cd,40,G,M,11,58,51.09,59,
white3cd,41,G,N,11,59,51.09,59,
white3cd,43,G,N,11,59,51.09,59,
white3cd,44,G,L,11,59,51.09,59,
white3cd,56,G,N,12,3,51.09,59,
white3cd,57,G,N,12,3,51.09,59,
white3cd,59,G,N,12,5,51.09,59,
Stankake,5,G,N,11,47,50.18,59,
Stankake,6,G,L,11,48,50.18,59,
Stankake,9,G,N,11,49,50.18,59,
Stankake,10,G,M,11,49,50.18,59,
Stankake,12,G,L,11,50,50.18,59,
Stankake,13,G,N,11,50,50.18,59,
Stankake,15,G,L,11,51,50.18,59,
Stankake,22,G,N,11,52,50.18,59,
Stankake,28,G,N,11,54,50.18,59,
Stankake,49,G,M,12,1,50.18,59,
Stankake,53,G,N,12,3,50.18,59,
Stankake,54,G,N,12,3,50.18,59,
Stankake,58,G,L,12,4,50.18,59,
boltzjr,42,G,C,11,55,48.53,52,
boltzjr,43,G,L,11,56,48.53,52,
boltzjr,44,G,N,11,56,48.53,52,
boltzjr,45,G,N,11,56,48.53,52,
boltzjr,46,G,N,11,57,48.53,52,
boltzjr,47,G,N,12,0,48.53,52,
boltzjr,48,G,N,12,1,48.53,52,
boltzjr,49,G,N,12,2,48.53,52,
boltzjr,50,G,N,12,3,48.53,52,
boltzjr,51,G,N,12,4,48.53,52,
boltzjr,52,G,N,12,5,48.53,52,
nicho2nx,4,G,N,11,50,47.34,54,
nicho2nx,7,G,C,11,51,47.34,54,
nicho2nx,16,G,N,11,54,47.34,54,
nicho2nx,17,G,L,11,54,47.34,54,
nicho2nx,21,G,L,11,55,47.34,54,
nicho2nx,24,G,N,11,55,47.34,54,
nicho2nx,33,G,C,11,57,47.34,54,
nicho2nx,34,G,M,11,57,47.34,54,
nicho2nx,38,G,N,11,59,47.34,54,
nicho2nx,41,G,L,12,0,47.34,54,
nicho2nx,50,G,L,12,3,47.34,54,
nicho2nx,51,G,M,12,3,47.34,54,
nicho2nx,55,G,N,12,5,47.34,54,
allenrj,47,O,M,10,56,50.14,57,
allenrj,48,O,M,10,56,50.14,57,
allenrj,49,O,L,10,56,50.14,57,
allenrj,50,O,L,10,56,50.14,57,
allenrj,51,O,N,10,56,50.14,57,
allenrj,52,O,N,10,56,50.14,57,
allenrj,53,O,N,10,56,50.14,57,
allenrj,54,O,N,10,56,50.14,57,
allenrj,55,O,N,10,56,50.14,57,
allenrj,C,O,N,10,56,50.14,57,
allenrj,57,O,N,10,56,50.14,57,
Pinoja,1,O,L,10,42,48.3,49,
Pinoja,5,O,N,10,43,48.3,49,
Pinoja,8,O,N,10,43,48.3,49,
Pinoja,17,O,N,10,45,48.3,49,
Pinoja,20,O,L,10,47,48.3,49,
Pinoja,22,O,L,10,48,48.3,49,
Pinoja,25,O,L,10,49,48.3,49,
Pinoja,27,O,N,10,49,48.3,49,
Pinoja,28,O,N,10,49,48.3,49,
Pinoja,30,O,N,10,50,48.3,49,
Pinoja,32,O,N,10,50,48.3,49,
Pinoja,38,O,N,10,51,48.3,49,
Pinoja,40,O,N,10,51,48.3,49,
Pinoja,45,O,N,10,51,48.3,49,
Pinoja,46,O,N,10,51,48.3,49,
Pinoja,49,O,N,10,51,48.3,49,
walsh3hm,2,O,L,10,46,49.6,57,
walsh3hm,3,O,M,10,46,49.6,57,
walsh3hm,7,O,M,10,48,49.6,57,
walsh3hm,17,O,L,10,50,49.6,57,
walsh3hm,18,O,L,10,50,49.6,57,
walsh3hm,23,O,L,10,51,49.6,57,
walsh3hm,27,O,L,10,52,49.6,57,
walsh3hm,28,O,N,10,52,49.6,57,
walsh3hm,38,O,N,10,53,49.6,57,
walsh3hm,39,O,L,10,53,49.6,57,
walsh3hm,45,O,N,10,54,49.6,57,
walsh3hm,47,O,L,10,54,49.6,57,
walsh3hm,51,O,N,10,55,49.6,57,
walsh3hm,55,O,L,10,55,49.6,57,
walsh3hm,56,O,N,10,55,49.6,57,
brikkewf,13,O,N,10,48,49.5,55,
brikkewf,14,O,N,10,48,49.5,55,
brikkewf,15,O,N,10,48,49.5,55,
brikkewf,16,O,N,10,48,49.5,55,
brikkewf,17,O,N,10,48,49.5,55,
brikkewf,18,O,N,10,48,49.5,55,
brikkewf,19,O,N,10,48,49.5,55,
brikkewf,20,O,N,10,48,49.5,55,
brikkewf,21,O,N,10,48,49.5,55,
brikkewf,22,O,N,10,48,49.5,55,
saxmanbf,4,O,N,10,45,50.95,58,
saxmanbf,7,O,N,10,46,50.95,58,
saxmanbf,22,O,N,10,50,50.95,58,
saxmanbf,24,O,L,10,50,50.95,58,
saxmanbf,31,O,N,10,52,50.95,58,
saxmanbf,36,O,M,10,53,50.95,58,
saxmanbf,40,O,L,10,54,50.95,58,
saxmanbf,47,O,L,10,55,50.95,58,
saxmanbf,49,O,L,10,55,50.95,58,
saxmanbf,57,O,L,10,57,50.95,58,
billindr,1,O,N,10,49,50.16,57,
billindr,2,O,N,10,49,50.16,57,
billindr,3,O,N,10,49,50.16,57,
billindr,4,O,N,10,49,50.16,57,
billindr,5,O,N,10,49,50.16,57,
billindr,6,O,N,10,49,50.16,57,
billindr,7,O,N,10,49,50.16,57,
billindr,8,O,N,10,49,50.16,57,
lasekmz,3,O,N,10,45,48.72,55,
lasekmz,8,O,N,10,46,48.72,55,
lasekmz,11,O,N,10,47,48.72,55,
lasekmz,19,O,N,10,49,48.72,55,
lasekmz,24,O,N,10,50,48.72,55,
lasekmz,27,O,N,10,51,48.72,55,
lasekmz,28,O,L,10,51,48.72,55,
lasekmz,30,O,L,10,52,48.72,55,
lasekmz,31,O,L,10,52,48.72,55,
lasekmz,33,O,L,10,53,48.72,55,
lasekmz,36,O,L,10,53,48.72,55,
lasekmz,38,O,N,10,53,48.72,55,
lasekmz,41,O,N,10,54,48.72,55,
lasekmz,42,O,N,10,54,48.72,55,
lasekmz,45,O,L,10,55,48.72,55,
lasekmz,50,O,N,10,56,48.72,55,
lasekmz,51,O,L,10,56,48.72,55,
stubengi,34,O,L,10,55,48.64,56,
stubengi,35,O,N,10,55,48.64,56,
stubengi,36,O,N,10,55,48.64,56,
stubengi,37,O,N,10,55,48.64,56,
stubengi,38,O,N,10,55,48.64,56,
stubengi,39,O,N,10,55,48.64,56,
stubengi,40,O,N,10,55,48.64,56,
stubengi,41,O,N,10,55,48.64,56,
stubengi,42,O,N,10,55,48.64,56,
Tiggesja,1,O,N,10,41,50.61,57,
Tiggesja,4,O,L,10,45,50.61,57,
Tiggesja,8,O,N,10,47,50.61,57,
Tiggesja,15,O,N,10,49,50.61,57,
Tiggesja,28,O,N,10,53,50.61,57,
Tiggesja,29,O,N,10,53,50.61,57,
Tiggesja,32,O,N,10,53,50.61,57,
Tiggesja,35,O,N,10,54,50.61,57,
Tiggesja,38,O,N,10,54,50.61,57,
Tiggesja,49,O,L,10,56,50.61,57,
Tiggesja,56,O,N,10,57,50.61,57,
selamarx,4,O,L,10,47,48.75,55,
selamarx,6,O,M,10,47,48.75,55,
selamarx,8,O,N,10,48,48.75,55,
selamarx,10,O,N,10,48,48.75,55,
selamarx,11,O,N,10,50,48.75,55,
selamarx,12,O,L,10,50,48.75,55,
selamarx,15,O,C,10,51,48.75,55,
selamarx,18,O,M,10,51,48.75,55,
selamarx,22,O,L,10,52,48.75,55,
selamarx,29,O,N,10,53,48.75,55,
selamarx,39,O,N,10,55,48.75,55,
selamarx,46,O,L,10,56,48.75,55,
selamarx,47,O,L,10,56,48.75,55,
gray2dl,2,O,N,10,48,49.15,56,
gray2dl,8,O,M,10,50,49.15,56,
gray2dl,9,O,N,10,50,49.15,56,
gray2dl,12,O,L,10,51,49.15,56,
gray2dl,17,O,N,10,52,49.15,56,
gray2dl,24,O,N,10,54,49.15,56,
gray2dl,28,O,L,10,55,49.15,56,
gray2dl,29,O,N,10,55,49.15,56,
gray2dl,32,O,N,10,56,49.15,56,
gray2dl,34,O,L,10,56,49.15,56,
gray2dl,39,O,N,10,57,49.15,56,
gray2dl,43,O,L,10,58,49.15,56,
gray2dl,45,O,N,10,58,49.15,56,
gray2dl,46,O,N,10,58,49.15,56,
gray2dl,51,O,N,10,59,49.15,56,
Schereeu,4,O,N,10,45,48.5,55,
Schereeu,6,O,L,10,46,48.5,55,
Schereeu,8,O,L,10,47,48.5,55,
Schereeu,12,O,N,10,48,48.5,55,
Schereeu,17,O,L,10,49,48.5,55,
Schereeu,20,O,N,10,50,48.5,55,
Schereeu,22,O,L,10,51,48.5,55,
Schereeu,23,O,N,10,52,48.5,55,
Schereeu,27,O,N,10,52,48.5,55,
Schereeu,29,O,C,10,53,48.5,55,
Schereeu,34,O,N,10,54,48.5,55,
Schereeu,35,O,L,10,54,48.5,55,
Schereeu,36,O,N,10,54,48.5,55,
Schereeu,40,O,N,10,55,48.5,55,
Schereeu,51,O,M,10,58,48.5,55,
Schereeu,52,O,N,10,58,48.5,55,
Fairchap,3,O,L,10,44,50.23,57,
Fairchap,14,O,L,10,48,50.23,57,
Fairchap,15,O,N,10,49,50.23,57,
Fairchap,20,O,N,10,50,50.23,57,
Fairchap,21,O,L,10,50,50.23,57,
Fairchap,46,O,L,10,57,50.23,57,
Fairchap,47,O,N,10,57,50.23,57,
Fairchap,48,O,N,10,57,50.23,57,
Fairchap,49,O,N,10,57,50.23,57,
Fairchap,53,O,N,10,58,50.23,57,
Fairchap,54,O,M,10,58,50.23,57,
Fairchap,56,O,N,10,59,50.23,57,
Netzelbj,1,O,N,10,47,48.95,56,
Netzelbj,2,O,N,10,47,48.95,56,
Netzelbj,3,O,N,10,47,48.95,56,
Netzelbj,4,O,N,10,47,48.95,56,
Netzelbj,5,O,N,10,47,48.95,56,
Netzelbj,6,O,N,10,47,48.95,56,
Netzelbj,7,O,N,10,47,48.95,56,
Netzelbj,8,O,L,10,47,48.95,56,
Netzelbj,9,O,L,10,48,48.95,56,
Netzelbj,10,O,L,10,48,48.95,56,
Netzelbj,11,O,L,10,48,48.95,56,
Netzelbj,12,O,L,10,48,48.95,56,
Netzelbj,13,O,L,10,48,48.95,56,
pickfoja,1,O,L,10,47,48.95,56,
pickfoja,3,O,L,10,48,48.95,56,
pickfoja,7,O,N,10,49,48.95,56,
pickfoja,9,O,N,10,50,48.95,56,
pickfoja,14,O,L,10,52,48.95,56,
pickfoja,20,O,N,10,53,48.95,56,
pickfoja,22,O,N,10,54,48.95,56,
pickfoja,25,O,L,10,55,48.95,56,
pickfoja,32,O,L,10,57,48.95,56,
pickfoja,38,O,N,10,58,48.95,56,
pickfoja,42,O,N,10,59,48.95,56,
pickfoja,44,O,N,10,59,48.95,56,
pickfoja,46,O,L,11,0,48.95,56,
pickfoja,48,O,N,11,0,48.95,56,
pickfoja,50,O,N,11,1,48.95,56,
pickfoja,52,O,N,11,1,48.95,56,
pickfoja,54,O,N,11,2,48.95,56,
pickfoja,56,O,L,11,2,48.95,56,
staplelm,23,O,L,10,51,48.72,55,
staplelm,24,O,L,10,51,48.72,55,
staplelm,25,O,L,10,51,48.72,55,
staplelm,26,O,N,10,51,48.72,55,
staplelm,27,O,N,10,51,48.72,55,
staplelm,28,O,N,10,51,48.72,55,
staplelm,29,O,N,10,52,48.72,55,
staplelm,30,O,C,10,52,48.72,55,
staplelm,31,O,N,10,52,48.72,55,
staplelm,32,O,N,10,53,48.72,55,
rumburtm,2,O,N,10,44,48.78,56,
rumburtm,5,O,N,10,45,48.78,56,
rumburtm,8,O,N,10,46,48.78,56,
rumburtm,10,O,N,10,47,48.78,56,
rumburtm,13,O,L,10,49,48.78,56,
rumburtm,28,O,N,10,55,48.78,56,
rumburtm,33,O,L,10,56,48.78,56,
rumburtm,36,O,N,10,57,48.78,56,
rumburtm,41,O,L,10,58,48.78,56,
rumburtm,56,O,N,10,59,48.78,56,
paintejm,1,O,C,10,45,47.95,55,
paintejm,2,O,N,10,45,47.95,55,
paintejm,3,O,N,10,45,47.95,55,
paintejm,4,O,N,10,46,47.95,55,
paintejm,5,O,N,10,46,47.95,55,
paintejm,6,O,N,10,46,47.95,55,
paintejm,7,O,N,10,46,47.95,55,
paintejm,8,O,L,10,46,47.95,55,
paintejm,9,O,L,10,46,47.95,55,
paintejm,10,O,N,10,47,47.95,55,
paintejm,11,O,N,10,47,47.95,55,
paintejm,12,O,M,10,47,47.95,55,
paintejm,13,O,N,10,47,47.95,55,
paintejm,14,O,L,10,47,47.95,55,
gibbonej,10,O,L,10,51,48.93,55,
gibbonej,11,O,N,10,52,48.93,55,
gibbonej,12,O,L,10,52,48.93,55,
gibbonej,13,O,C,10,53,48.93,55,
gibbonej,14,O,N,10,53,48.93,55,
gibbonej,15,O,N,10,54,48.93,55,
gibbonej,16,O,C,10,54,48.93,55,
gibbonej,17,O,N,10,54,48.93,55,
gibbonej,18,O,L,10,54,48.93,55,
gibbonej,19,O,N,10,55,48.93,55,
ridgepb,1,O,N,10,45,49.8,56,
ridgepb,5,O,N,10,48,49.8,56,
ridgepb,7,O,N,10,50,49.8,56,
ridgepb,11,O,N,10,51,49.8,56,
ridgepb,13,O,N,10,51,49.8,56,
ridgepb,18,O,N,10,53,49.8,56,
ridgepb,19,O,N,10,53,49.8,56,
ridgepb,22,O,L,10,53,49.8,56,
ridgepb,23,O,N,10,54,49.8,56,
ridgepb,28,O,N,10,55,49.8,56,
ridgepb,35,O,L,10,57,49.8,56,
ridgepb,36,O,L,10,57,49.8,56,
ridgepb,38,O,N,10,57,49.8,56,
ridgepb,39,O,N,10,57,49.8,56,
ridgepb,46,O,N,10,59,49.8,56,
ridgepb,49,O,N,10,59,49.8,56,
ridgepb,50,O,N,11,0,49.8,56,
ridgepb,51,O,N,11,0,49.8,56,
withroac,10,O,N,10,52,47.2,55,
withroac,12,O,L,10,53,47.2,55,
withroac,14,O,N,10,53,47.2,55,
withroac,15,O,N,10,54,47.2,55,
withroac,17,O,L,10,54,47.2,55,
withroac,24,O,C,10,57,47.2,55,
withroac,27,O,N,10,58,47.2,55,
withroac,28,O,L,10,58,47.2,55,
withroac,41,O,L,11,2,47.2,55,
withroac,43,O,N,11,3,47.2,55,
ruppreji,2,O,N,10,46,50.18,56,
ruppreji,7,O,L,10,49,50.18,56,
ruppreji,28,O,N,10,57,50.18,56,
ruppreji,29,O,L,10,58,50.18,56,
ruppreji,30,O,N,10,58,50.18,56,
ruppreji,31,O,N,10,58,50.18,56,
ruppreji,32,O,N,10,59,50.18,56,
ruppreji,33,O,N,10,59,50.18,56,
ruppreji,34,O,L,10,59,50.18,56,
ruppreji,35,O,N,11,0,50.18,56,
ruppreji,36,O,N,11,0,50.18,56,
ruppreji,37,O,N,11,1,50.18,56,
ruppreji,38,O,N,11,1,50.18,56,
ruppreji,39,O,N,11,1,50.18,56,
cowen2jr,4,O,N,10,44,48.44,55,
cowen2jr,8,O,L,10,46,48.44,55,
cowen2jr,13,O,N,10,47,48.44,55,
cowen2jr,17,O,N,10,48,48.44,55,
cowen2jr,19,O,N,10,49,48.44,55,
cowen2jr,22,O,N,10,50,48.44,55,
cowen2jr,25,O,N,10,50,48.44,55,
cowen2jr,26,O,L,10,50,48.44,55,
cowen2jr,29,O,N,10,52,48.44,55,
cowen2jr,34,O,C,10,53,48.44,55,
cowen2jr,36,O,N,10,53,48.44,55,
cowen2jr,38,O,N,10,54,48.44,55,
cowen2jr,39,O,N,10,54,48.44,55,
cowen2jr,47,O,L,10,55,48.44,55,
cowen2jr,54,O,N,10,57,48.44,55,
cowen2jr,55,O,N,10,57,48.44,55,
barboujm,2,O,N,10,50,48.05,54,
barboujm,9,O,L,10,54,48.05,54,
barboujm,12,O,C,10,56,48.05,54,
barboujm,13,O,L,10,56,48.05,54,
barboujm,15,O,L,10,57,48.05,54,
barboujm,17,O,C,10,58,48.05,54,
barboujm,26,O,N,11,1,48.05,54,
barboujm,27,O,N,11,1,48.05,54,
barboujm,28,O,N,11,1,48.05,54,
barboujm,47,O,L,11,6,48.05,54,
barboujm,48,O,L,11,6,48.05,54,
barboujm,49,O,N,11,6,48.05,54,
Barre3am,4,O,N,10,50,49.4,56,
Barre3am,13,O,M,10,57,49.4,56,
Barre3am,16,O,N,10,59,49.4,56,
Barre3am,17,O,M,11,0,49.4,56,
Barre3am,19,O,L,11,1,49.4,56,
Barre3am,20,O,N,11,1,49.4,56,
Barre3am,21,O,N,11,2,49.4,56,
Barre3am,30,O,M,11,5,49.4,56,
Barre3am,38,O,N,11,8,49.4,56,
Barre3am,39,O,L,11,8,49.4,56,
Barre3am,45,O,N,11,10,49.4,56,
Barre3am,47,O,N,11,10,49.4,56,
Barre3am,49,O,N,11,11,49.4,56,
Barre3am,54,O,N,11,12,49.4,56,
Waltergs,1,O,L,11,46,50.2,57,
Waltergs,2,O,L,11,46,50.2,57,
Waltergs,10,O,M,11,46,50.2,57,
Waltergs,18,O,L,11,46,50.2,57,
Waltergs,19,O,L,11,46,50.2,57,
Waltergs,20,O,N,11,46,50.2,57,
Waltergs,22,O,N,11,46,50.2,57,
Waltergs,27,O,N,11,46,50.2,57,
Waltergs,28,O,L,11,46,50.2,57,
Waltergs,33,O,N,11,46,50.2,57,
Waltergs,35,O,N,11,46,50.2,57,
Waltergs,39,O,N,11,46,50.2,57,
Waltergs,46,O,L,11,46,50.2,57,
Waltergs,47,O,L,11,46,50.2,57,
jacquaat,15,O,N,11,46,49.45,57,
jacquaat,16,O,N,11,46,49.45,57,
jacquaat,17,O,N,11,46,49.45,57,
jacquaat,18,O,N,11,46,49.45,57,
jacquaat,19,O,N,11,46,49.45,57,
jacquaat,20,O,L,11,46,49.45,57,
Delucaar,1,O,N,11,42,50.53,57,
Delucaar,3,O,N,11,42,50.53,57,
Delucaar,15,O,N,11,45,50.53,57,
Delucaar,26,O,N,11,47,50.53,57,
Delucaar,34,O,C,11,49,50.53,57,
Delucaar,42,O,N,11,50,50.53,57,
kaiserjm,14,O,L,11,44,49.77,55,
kaiserjm,15,O,L,11,44,49.77,55,
kaiserjm,16,O,L,11,44,49.77,55,
kaiserjm,17,O,N,11,46,49.77,55,
kaiserjm,18,O,N,11,46,49.77,55,
kaiserjm,19,O,N,11,46,49.77,55,
kaiserjm,20,O,N,11,46,49.77,55,
kaiserjm,21,O,N,11,46,49.77,55,
blandbt,2,O,N,11,42,48.81,55,
blandbt,3,O,N,11,42,48.81,55,
blandbt,5,O,L,11,43,48.81,55,
blandbt,10,O,N,11,44,48.81,55,
blandbt,11,O,N,11,44,48.81,55,
blandbt,13,O,N,11,45,48.81,55,
blandbt,16,O,N,11,45,48.81,55,
blandbt,22,O,L,11,46,48.81,55,
blandbt,23,O,L,11,46,48.81,55,
blandbt,32,O,N,11,48,48.81,55,
blandbt,42,O,C,11,50,48.81,55,
blandbt,54,O,L,11,52,48.81,55,
blandbt,55,O,N,11,52,48.81,55,
rambilrd,11,O,L,11,48,48.97,57,
rambilrd,15,O,N,11,48,48.97,57,
rambilrd,42,O,L,11,52,48.97,57,
rambilrd,43,O,L,11,52,48.97,57,
rambilrd,57,O,N,11,53,48.97,57,
rouss2wa,11,O,L,11,48,48.97,57,
rouss2wa,15,O,N,11,48,48.97,57,
rouss2wa,42,O,L,11,52,48.97,57,
rouss2wa,43,O,L,11,52,48.97,57,
rouss2wa,57,O,N,11,53,48.97,57,
drohatga,48,O,N,11,55,49.37,56,
drohatga,49,O,N,11,55,49.37,56,
drohatga,50,O,N,11,55,49.37,56,
drohatga,51,O,L,11,55,49.37,56,
drohatga,52,O,L,11,55,49.37,56,
drohatga,53,O,N,11,55,49.37,56,
drohatga,54,O,N,11,55,49.37,56,
drohatga,55,O,N,11,55,49.37,56,
drohatga,56,O,N,11,55,49.37,56,
frautsks,16,O,L,11,53,48.8,55,
frautsks,17,O,L,11,53,48.8,55,
frautsks,18,O,L,11,53,48.8,55,
frautsks,19,O,L,11,53,48.8,55,
frautsks,20,O,L,11,53,48.8,55,
frautsks,21,O,C,11,53,48.8,55,
frautsks,22,O,M,11,53,48.8,55,
frautsks,23,O,N,11,53,48.8,55,
frautsks,24,O,N,11,53,48.8,55,
frautsks,25,O,N,11,53,48.8,55,
frautsks,26,O,N,11,53,48.8,55,
frautsks,27,O,N,11,53,48.8,55,
frautsks,28,O,N,11,53,48.8,55,
frautsks,29,O,L,11,53,48.8,55,
witherko,2,O,N,11,43,49.12,55,
witherko,3,O,N,11,43,49.12,55,
witherko,4,O,N,11,44,49.12,55,
witherko,5,O,N,11,44,49.12,55,
witherko,7,O,N,11,45,49.12,55,
witherko,9,O,N,11,45,49.12,55,
witherko,20,O,N,11,48,49.12,55,
witherko,21,O,N,11,48,49.12,55,
witherko,32,O,N,11,51,49.12,55,
witherko,33,O,N,11,51,49.12,55,
witherko,34,O,N,11,51,49.12,55,
witherko,35,O,N,11,51,49.12,55,
witherko,36,O,N,11,51,49.12,55,
witherko,37,O,N,11,51,49.12,55,
witherko,38,O,N,11,51,49.12,55,
witherko,39,O,N,11,51,49.12,55,
Silerja,2,O,N,11,44,48.78,55,
Silerja,5,O,L,11,45,48.78,55,
Silerja,47,O,N,11,56,48.78,55,
Silerja,48,O,N,11,56,48.78,55,
Silerja,49,O,N,11,56,48.78,55,
Silerja,50,O,N,11,56,48.78,55,
Silerja,51,O,N,11,56,48.78,55,
Silerja,52,O,N,11,56,48.78,55,
Silerja,53,O,N,11,56,48.78,55,
Silerja,54,O,C,11,56,48.78,55,
Silerja,55,O,M,11,56,48.78,55,
bettsjp,1,O,M,11,46,49.98,58,
bettsjp,2,O,L,11,46,49.98,58,
bettsjp,3,O,N,11,46,49.98,58,
bettsjp,4,O,N,11,46,49.98,58,
bettsjp,5,O,N,11,47,49.98,58,
bettsjp,6,O,N,11,47,49.98,58,
bettsjp,7,O,N,11,47,49.98,58,
bettsjp,8,O,N,11,47,49.98,58,
bettsjp,9,O,N,11,47,49.98,58,
bettsjp,10,O,N,11,48,49.98,58,
bettsjp,11,O,L,11,48,49.98,58,
grimmejp,6,O,L,11,50,51.94,59,
grimmejp,7,O,L,11,50,51.94,59,
grimmejp,8,O,L,11,50,51.94,59,
grimmejp,29,O,M,11,57,51.94,59,
grimmejp,30,O,L,11,57,51.94,59,
grimmejp,37,O,L,11,58,51.94,59,
grimmejp,51,O,N,12,3,51.94,59,
grimmejp,56,O,L,12,4,51.94,59,
grimmejp,57,O,N,12,4,51.94,59,
grimmejp,58,O,N,12,4,51.94,59,
grimmejp,59,O,N,12,4,51.94,59,
valentga,34,O,N,11,53,49.98,57,
valentga,35,O,C,11,54,49.98,57,
valentga,36,O,N,11,54,49.98,57,
valentga,37,O,C,11,54,49.98,57,
valentga,38,O,L,11,54,49.98,57,
valentga,39,O,N,11,54,49.98,57,
valentga,40,O,L,11,54,49.98,57,
valentga,41,O,N,11,55,49.98,57,
jankowmx,1,O,L,11,46,49.79,55,
jankowmx,4,O,M,11,47,49.79,55,
jankowmx,9,O,N,11,49,49.79,55,
jankowmx,13,O,M,11,49,49.79,55,
jankowmx,15,O,M,11,49,49.79,55,
jankowmx,16,O,M,11,50,49.79,55,
jankowmx,18,O,M,11,50,49.79,55,
jankowmx,20,O,N,11,50,49.79,55,
jankowmx,32,O,L,11,52,49.79,55,
jankowmx,33,O,N,11,52,49.79,55,
jankowmx,36,O,L,11,52,49.79,55,
schuyljw,32,O,L,11,54,50.35,57,
schuyljw,33,O,N,11,54,50.35,57,
schuyljw,34,O,N,11,54,50.35,57,
schuyljw,35,O,L,11,54,50.35,57,
schuyljw,36,O,N,11,55,50.35,57,
schuyljw,37,O,N,11,55,50.35,57,
schuyljw,38,O,L,11,55,50.35,57,
schuyljw,39,O,N,11,56,50.35,57,
schuyljw,40,O,N,11,56,50.35,57,
schuyljw,41,O,N,11,56,50.35,57,
schuyljw,42,O,L,11,56,50.35,57,
byrdes,7,O,L,11,46,50.7,58,
byrdes,14,O,N,11,48,50.7,58,
byrdes,15,O,L,11,49,50.7,58,
byrdes,17,O,L,11,49,50.7,58,
byrdes,28,O,L,11,52,50.7,58,
byrdes,33,O,L,11,53,50.7,58,
byrdes,34,O,N,11,53,50.7,58,
byrdes,38,O,N,11,54,50.7,58,
byrdes,39,O,L,11,54,50.7,58,
byrdes,40,O,N,11,55,50.7,58,
byrdes,41,O,N,11,55,50.7,58,
byrdes,43,O,L,11,55,50.7,58,
byrdes,44,O,N,11,56,50.7,58,
gagnonop,8,O,N,11,50,46.85,53,
gagnonop,10,O,N,11,50,46.85,53,
gagnonop,16,O,L,11,53,46.85,53,
gagnonop,23,O,N,11,55,46.85,53,
gagnonop,26,O,N,11,56,46.85,53,
gagnonop,29,O,M,11,56,46.85,53,
gagnonop,31,O,M,11,57,46.85,53,
gagnonop,33,O,C,11,57,46.85,53,
gagnonop,39,O,N,11,59,46.85,53,
gagnonop,46,O,C,12,0,46.85,53,
Poolerc,5,O,N,11,50,49.02,56,
Poolerc,6,O,N,11,50,49.02,56,
Poolerc,7,O,L,11,50,49.02,56,
Poolerc,8,O,L,11,50,49.02,56,
Poolerc,9,O,N,11,51,49.02,56,
Poolerc,10,O,L,11,51,49.02,56,
Poolerc,11,O,N,11,51,49.02,56,
Poolerc,12,O,L,11,51,49.02,56,
Poolerc,13,O,L,11,51,49.02,56,
blanchwj,1,O,M,11,51,48.4,55,
blanchwj,2,O,L,11,51,48.4,55,
blanchwj,3,O,N,11,51,48.4,55,
blanchwj,4,O,N,11,51,48.4,55,
blanchwj,5,O,L,11,51,48.4,55,
blanchwj,6,O,L,11,51,48.4,55,
blanchwj,7,O,N,11,52,48.4,55,
blanchwj,8,O,N,11,52,48.4,55,
blanchwj,9,O,N,11,52,48.4,55,
blanchwj,10,O,L,11,52,48.4,55,
blanchwj,11,O,N,11,52,48.4,55,
blanchwj,12,O,N,11,52,48.4,55,
blanchwj,13,O,N,11,52,48.4,55,
blanchwj,14,O,N,11,52,48.4,55,
blanchwj,15,O,M,11,52,48.4,55,
blanchwj,16,O,C,11,52,48.4,55,
cartoncr,15,O,L,11,53,48.57,55,
cartoncr,16,O,N,11,53,48.57,55,
cartoncr,21,O,L,11,54,48.57,55,
cartoncr,25,O,N,11,55,48.57,55,
cartoncr,30,O,N,11,56,48.57,55,
cartoncr,34,O,N,11,57,48.57,55,
cartoncr,38,O,N,11,58,48.57,55,
cartoncr,40,O,M,11,59,48.57,55,
cartoncr,45,O,L,12,0,48.57,55,
cartoncr,54,O,L,12,2,48.57,55,
grimmejp,6,O,L,11,50,51.94,59,
grimmejp,7,O,L,11,50,51.94,59,
grimmejp,8,O,L,11,50,51.94,59,
grimmejp,29,O,M,11,57,51.94,59,
grimmejp,30,O,L,11,57,51.94,59,
grimmejp,37,O,L,11,58,51.94,59,
grimmejp,51,O,N,12,3,51.94,59,
grimmejp,56,O,L,12,4,51.94,59,
grimmejp,57,O,N,12,4,51.94,59,
grimmejp,58,O,N,12,4,51.94,59,
grimmejp,59,O,N,12,4,51.94,59,
clark3kr,3,O,N,11,50,49.33,56,
clark3kr,5,O,L,11,50,49.33,56,
clark3kr,10,O,L,11,52,49.33,56,
clark3kr,14,O,L,11,53,49.33,56,
clark3kr,49,O,C,12,3,49.33,56,
clark3kr,50,O,L,12,3,49.33,56,
clark3kr,51,O,L,12,3,49.33,56,
clark3kr,52,O,N,12,3,49.33,56,
clark3kr,53,O,L,12,4,49.33,56,
clark3kr,54,O,C,12,4,49.33,56,
clark3kr,55,O,L,12,4,49.33,56,
clark3kr,56,O,L,12,4,49.33,56,
white3cd,5,O,N,11,49,51.09,59,
white3cd,12,O,L,11,53,51.09,59,
white3cd,17,O,L,11,54,51.09,59,
white3cd,18,O,C,11,54,51.09,59,
white3cd,27,O,N,11,56,51.09,59,
white3cd,32,O,N,11,57,51.09,59,
white3cd,34,O,N,11,57,51.09,59,
white3cd,38,O,N,11,58,51.09,59,
white3cd,46,O,L,11,59,51.09,59,
white3cd,47,O,L,12,0,51.09,59,
white3cd,52,O,L,12,1,51.09,59,
Stankake,1,O,M,11,45,50.18,59,
Stankake,2,O,M,11,46,50.18,59,
Stankake,8,O,L,11,48,50.18,59,
Stankake,17,O,N,11,51,50.18,59,
Stankake,18,O,N,11,51,50.18,59,
Stankake,21,O,M,11,52,50.18,59,
Stankake,27,O,L,11,54,50.18,59,
Stankake,29,O,L,11,54,50.18,59,
Stankake,36,O,N,11,57,50.18,59,
Stankake,48,O,N,12,1,50.18,59,
Stankake,59,O,M,12,5,50.18,59,
boltzjr,1,O,L,11,43,48.53,52,
boltzjr,2,O,L,11,44,48.53,52,
boltzjr,3,O,L,11,44,48.53,52,
boltzjr,4,O,M,11,45,48.53,52,
boltzjr,5,O,N,11,45,48.53,52,
boltzjr,6,O,N,11,45,48.53,52,
boltzjr,7,O,N,11,46,48.53,52,
boltzjr,8,O,N,11,46,48.53,52,
boltzjr,9,O,N,11,46,48.53,52,
boltzjr,10,O,N,11,47,48.53,52,
boltzjr,11,O,N,11,47,48.53,52,
boltzjr,12,O,N,11,47,48.53,52,
boltzjr,13,O,N,11,48,48.53,52,
boltzjr,14,O,N,11,48,48.53,52,
nicho2nx,1,O,L,11,47,47.34,54,
nicho2nx,12,O,C,11,52,47.34,54,
nicho2nx,15,O,N,11,53,47.34,54,
nicho2nx,18,O,N,11,54,47.34,54,
nicho2nx,29,O,M,11,57,47.34,54,
nicho2nx,32,O,C,11,57,47.34,54,
nicho2nx,35,O,N,11,57,47.34,54,
nicho2nx,46,O,C,12,1,47.34,54,
nicho2nx,49,O,M,12,2,47.34,54,
nicho2nx,52,O,C,12,4,47.34,54,
allenrj,14,R,L,10,52,50.14,57,
allenrj,15,R,L,10,52,50.14,57,
allenrj,16,R,L,10,52,50.14,57,
allenrj,17,R,L,10,52,50.14,57,
allenrj,18,R,L,10,52,50.14,57,
allenrj,19,R,N,10,52,50.14,57,
allenrj,20,R,N,10,52,50.14,57,
allenrj,21,R,N,10,52,50.14,57,
allenrj,22,R,N,10,52,50.14,57,
allenrj,23,R,N,10,52,50.14,57,
allenrj,24,R,N,10,52,50.14,57,
Pinoja,3,R,M,10,42,48.3,49,
Pinoja,10,R,N,10,44,48.3,49,
Pinoja,16,R,N,10,45,48.3,49,
Pinoja,33,R,N,10,50,48.3,49,
Pinoja,37,R,N,10,50,48.3,49,
Pinoja,41,R,N,10,51,48.3,49,
Pinoja,42,R,N,10,51,48.3,49,
walsh3hm,12,R,N,10,49,49.6,57,
walsh3hm,15,R,N,10,50,49.6,57,
walsh3hm,20,R,N,10,50,49.6,57,
walsh3hm,21,R,L,10,51,49.6,57,
walsh3hm,25,R,L,10,51,49.6,57,
walsh3hm,33,R,L,10,52,49.6,57,
walsh3hm,35,R,N,10,53,49.6,57,
walsh3hm,37,R,L,10,53,49.6,57,
walsh3hm,53,R,N,10,55,49.6,57,
walsh3hm,57,R,N,10,56,49.6,57,
brikkewf,42,R,N,10,55,49.5,55,
brikkewf,43,R,N,10,55,49.5,55,
brikkewf,44,R,N,10,55,49.5,55,
brikkewf,45,R,N,10,55,49.5,55,
brikkewf,46,R,N,10,55,49.5,55,
brikkewf,47,R,N,10,55,49.5,55,
brikkewf,48,R,N,10,55,49.5,55,
brikkewf,49,R,N,10,55,49.5,55,
brikkewf,50,R,N,10,55,49.5,55,
brikkewf,51,R,N,10,55,49.5,55,
brikkewf,52,R,N,10,55,49.5,55,
brikkewf,53,R,C,10,55,49.5,55,
saxmanbf,12,R,N,10,47,50.95,58,
saxmanbf,13,R,N,10,48,50.95,58,
saxmanbf,18,R,N,10,49,50.95,58,
saxmanbf,19,R,N,10,49,50.95,58,
saxmanbf,20,R,N,10,49,50.95,58,
saxmanbf,21,R,L,10,50,50.95,58,
saxmanbf,29,R,L,10,51,50.95,58,
saxmanbf,30,R,M,10,52,50.95,58,
saxmanbf,35,R,C,10,53,50.95,58,
saxmanbf,37,R,N,10,53,50.95,58,
saxmanbf,46,R,M,10,55,50.95,58,
saxmanbf,48,R,L,10,55,50.95,58,
billindr,49,R,M,10,57,50.16,57,
billindr,50,R,L,10,57,50.16,57,
billindr,51,R,N,10,57,50.16,57,
billindr,52,R,N,10,57,50.16,57,
billindr,53,R,N,10,57,50.16,57,
billindr,54,R,N,10,57,50.16,57,
billindr,55,R,N,10,57,50.16,57,
billindr,56,R,N,10,57,50.16,57,
billindr,57,R,N,10,57,50.16,57,
lasekmz,4,R,N,10,45,48.72,55,
lasekmz,21,R,L,10,50,48.72,55,
lasekmz,32,R,N,10,52,48.72,55,
lasekmz,34,R,L,10,53,48.72,55,
lasekmz,53,R,N,10,57,48.72,55,
lasekmz,54,R,N,10,57,48.72,55,
stubengi,22,R,L,10,53,48.64,56,
stubengi,23,R,N,10,53,48.64,56,
stubengi,24,R,N,10,53,48.64,56,
stubengi,25,R,N,10,53,48.64,56,
stubengi,26,R,N,10,53,48.64,56,
stubengi,27,R,N,10,53,48.64,56,
stubengi,28,R,N,10,53,48.64,56,
stubengi,29,R,N,10,53,48.64,56,
Tiggesja,3,R,L,10,45,50.61,57,
Tiggesja,9,R,L,10,47,50.61,57,
Tiggesja,16,R,N,10,49,50.61,57,
Tiggesja,19,R,L,10,50,50.61,57,
Tiggesja,23,R,N,10,51,50.61,57,
Tiggesja,40,R,N,10,54,50.61,57,
Tiggesja,45,R,N,10,55,50.61,57,
Tiggesja,48,R,L,10,56,50.61,57,
Tiggesja,50,R,L,10,56,50.61,57,
Tiggesja,57,R,L,10,57,50.61,57,
selamarx,9,R,L,10,48,48.75,55,
selamarx,17,R,L,10,51,48.75,55,
selamarx,51,R,N,10,56,48.75,55,
gray2dl,3,R,N,10,49,49.15,56,
gray2dl,5,R,N,10,49,49.15,56,
gray2dl,10,R,L,10,50,49.15,56,
gray2dl,38,R,L,10,57,49.15,56,
gray2dl,41,R,N,10,57,49.15,56,
gray2dl,42,R,M,10,58,49.15,56,
gray2dl,44,R,M,10,58,49.15,56,
gray2dl,47,R,L,10,58,49.15,56,
gray2dl,49,R,C,10,59,49.15,56,
gray2dl,54,R,N,11,0,49.15,56,
gray2dl,55,R,L,11,0,49.15,56,
Schereeu,7,R,N,10,46,48.5,55,
Schereeu,10,R,N,10,47,48.5,55,
Schereeu,16,R,L,10,49,48.5,55,
Schereeu,18,R,N,10,49,48.5,55,
Schereeu,28,R,N,10,53,48.5,55,
Schereeu,30,R,N,10,53,48.5,55,
Schereeu,33,R,N,10,54,48.5,55,
Schereeu,47,R,N,10,57,48.5,55,
Schereeu,54,R,L,10,58,48.5,55,
Fairchap,11,R,N,10,47,50.23,57,
Fairchap,16,R,N,10,49,50.23,57,
Fairchap,17,R,N,10,49,50.23,57,
Fairchap,37,R,N,10,54,50.23,57,
Netzelbj,40,R,N,10,52,48.95,56,
Netzelbj,41,R,N,10,52,48.95,56,
Netzelbj,42,R,N,10,52,48.95,56,
Netzelbj,43,R,N,10,52,48.95,56,
Netzelbj,44,R,N,10,52,48.95,56,
Netzelbj,45,R,N,10,53,48.95,56,
Netzelbj,46,R,M,10,53,48.95,56,
Netzelbj,47,R,L,10,53,48.95,56,
Netzelbj,48,R,L,10,53,48.95,56,
pickfoja,5,R,N,10,49,48.95,56,
pickfoja,12,R,L,10,51,48.95,56,
pickfoja,19,R,N,10,53,48.95,56,  
pickfoja,27,R,L,10,55,48.95,56,
pickfoja,33,R,N,10,57,48.95,56,
pickfoja,35,R,L,10,58,48.95,56,
pickfoja,41,R,C,10,59,48.95,56,
pickfoja,55,R,L,11,2,48.95,56,
staplelm,33,R,L,10,53,48.72,55,
staplelm,34,R,L,10,53,48.72,55,
staplelm,35,R,L,10,54,48.72,55,
staplelm,36,R,L,10,54,48.72,55,
staplelm,37,R,C,10,54,48.72,55,
staplelm,38,R,N,10,54,48.72,55,
staplelm,39,R,N,10,54,48.72,55,
staplelm,40,R,N,10,54,48.72,55,
staplelm,41,R,N,10,54,48.72,55,
staplelm,42,R,N,10,54,48.72,55,
rumburtm,1,R,N,10,43,48.78,56,
rumburtm,9,R,C,10,47,48.78,56,
rumburtm,26,R,L,10,54,48.78,56,
rumburtm,34,R,N,10,56,48.78,56,
rumburtm,37,R,N,10,57,48.78,56,
rumburtm,42,R,L,10,58,48.78,56,
rumburtm,44,R,L,10,59,48.78,56,
rumburtm,51,R,N,10,59,48.78,56,
paintejm,43,R,N,10,48,47.95,55,
paintejm,44,R,N,10,48,47.95,55,
paintejm,45,R,N,10,48,47.95,55,
paintejm,46,R,N,10,48,47.95,55,
paintejm,47,R,M,10,48,47.95,55,
paintejm,48,R,L,10,48,47.95,55,
paintejm,49,R,C,10,48,47.95,55,
paintejm,50,R,N,10,48,47.95,55,
paintejm,51,R,N,10,48,47.95,55,
paintejm,52,R,N,10,48,47.95,55,
paintejm,53,R,L,10,48,47.95,55,
paintejm,54,R,N,10,48,47.95,55,
paintejm,55,R,M,10,48,47.95,55,
gibbonej,1,R,N,10,47,48.93,55,
gibbonej,2,R,N,10,47,48.93,55,
gibbonej,3,R,L,10,48,48.93,55,
gibbonej,4,R,N,10,49,48.93,55,
gibbonej,5,R,L,10,49,48.93,55,
gibbonej,6,R,N,10,50,48.93,55,
gibbonej,7,R,L,10,50,48.93,55,
gibbonej,8,R,N,10,50,48.93,55,
gibbonej,9,R,L,10,51,48.93,55,
ridgepb,4,R,N,10,47,49.8,56,
ridgepb,20,R,N,10,53,49.8,56,
ridgepb,21,R,L,10,53,49.8,56,
ridgepb,48,R,N,10,59,49.8,56,
ridgepb,52,R,N,11,0,49.8,56,
withroac,1,R,C,10,46,47.2,55,
withroac,16,R,C,10,54,47.2,55,
withroac,40,R,L,11,2,47.2,55,
withroac,45,R,L,11,3,47.2,55,
withroac,51,R,N,11,4,47.2,55,
withroac,55,R,L,11,5,47.2,55,
ruppreji,4,R,L,10,47,50.18,56,
ruppreji,6,R,M,10,48,50.18,56,
ruppreji,8,R,L,10,50,50.18,56,
ruppreji,10,R,N,10,50,50.18,56,
ruppreji,40,R,N,11,2,50.18,56,
ruppreji,41,R,N,11,2,50.18,56,
ruppreji,42,R,N,11,2,50.18,56,
ruppreji,43,R,N,11,2,50.18,56,
ruppreji,44,R,L,11,2,50.18,56,
cowen2jr,3,R,N,10,43,48.44,55,
cowen2jr,7,R,N,10,45,48.44,55,
cowen2jr,28,R,L,10,51,48.44,55,
cowen2jr,42,R,N,10,54,48.44,55,
cowen2jr,46,R,L,10,55,48.44,55,
cowen2jr,50,R,L,10,56,48.44,55,
cowen2jr,52,R,N,10,56,48.44,55,
barboujm,1,R,N,10,50,48.05,54,
barboujm,4,R,N,10,51,48.05,54,
barboujm,11,R,L,10,55,48.05,54,
barboujm,18,R,N,10,58,48.05,54,
barboujm,20,R,N,10,59,48.05,54,
barboujm,21,R,N,11,0,48.05,54,
barboujm,22,R,L,11,0,48.05,54,
barboujm,38,R,C,11,5,48.05,54,
barboujm,39,R,L,11,5,48.05,54,
barboujm,40,R,L,11,5,48.05,54,
barboujm,41,R,N,11,5,48.05,54,
barboujm,52,R,N,11,7,48.05,54,
barboujm,53,R,N,11,7,48.05,54,
Barre3am,1,R,L,10,48,49.4,56,
Barre3am,2,R,N,10,49,49.4,56,
Barre3am,5,R,N,10,53,49.4,56,
Barre3am,9,R,L,10,55,49.4,56,
Barre3am,14,R,L,10,58,49.4,56,
Barre3am,27,R,L,11,4,49.4,56,
Barre3am,34,R,N,11,7,49.4,56,
Barre3am,40,R,L,11,9,49.4,56,
Barre3am,41,R,N,11,9,49.4,56,
Barre3am,42,R,L,11,9,49.4,56,
Barre3am,48,R,M,11,11,49.4,56,
Barre3am,51,R,M,11,11,49.4,56,
Barre3am,52,R,L,11,12,49.4,56,
Waltergs,3,R,N,11,46,50.2,57,
Waltergs,8,R,L,11,46,50.2,57,
Waltergs,11,R,N,11,46,50.2,57,
Waltergs,15,R,N,11,46,50.2,57,
Waltergs,25,R,N,11,46,50.2,57,
Waltergs,34,R,N,11,46,50.2,57,
Waltergs,37,R,L,11,46,50.2,57,
Waltergs,40,R,N,11,46,50.2,57,
Waltergs,45,R,N,11,46,50.2,57,
Waltergs,49,R,N,11,46,50.2,57,
Waltergs,54,R,N,11,46,50.2,57,
jacquaat,1,R,L,11,46,49.45,57,
jacquaat,2,R,L,11,46,49.45,57,
jacquaat,3,R,L,11,46,49.45,57,
jacquaat,4,R,N,11,46,49.45,57,
jacquaat,5,R,N,11,46,49.45,57,
jacquaat,6,R,N,11,46,49.45,57,
jacquaat,7,R,N,11,46,49.45,57,
jacquaat,8,R,N,11,46,49.45,57,
jacquaat,9,R,N,11,46,49.45,57,
jacquaat,10,R,C,11,46,49.45,57,
Delucaar,6,R,N,11,43,50.53,57,
Delucaar,8,R,N,11,44,50.53,57,
Delucaar,9,R,L,11,44,50.53,57,
Delucaar,12,R,N,11,45,50.53,57,
Delucaar,13,R,N,11,45,50.53,57,
Delucaar,32,R,N,11,48,50.53,57,
Delucaar,40,R,C,11,50,50.53,57,
Delucaar,43,R,N,11,50,50.53,57,
Delucaar,49,R,M,11,51,50.53,57,
Delucaar,50,R,N,11,51,50.53,57,
Delucaar,57,R,N,11,53,50.53,57,
kaiserjm,22,R,L,11,48,49.77,55,
kaiserjm,23,R,L,11,48,49.77,55,
kaiserjm,24,R,N,11,48,49.77,55,
kaiserjm,25,R,N,11,48,49.77,55,
kaiserjm,26,R,N,11,48,49.77,55,
kaiserjm,27,R,N,11,48,49.77,55,
kaiserjm,28,R,N,11,50,49.77,55,
kaiserjm,29,R,N,11,50,49.77,55,
kaiserjm,30,R,N,11,50,49.77,55,
blandbt,4,R,L,11,43,48.81,55,
blandbt,7,R,L,11,43,48.81,55,
blandbt,9,R,N,11,44,48.81,55,
blandbt,14,R,N,11,45,48.81,55,
blandbt,15,R,C,11,45,48.81,55,
blandbt,24,R,N,11,46,48.81,55,
blandbt,25,R,L,11,47,48.81,55,
blandbt,26,R,L,11,47,48.81,55,
blandbt,28,R,N,11,47,48.81,55,
blandbt,31,R,N,11,48,48.81,55,
blandbt,37,R,N,11,49,48.81,55,
blandbt,41,R,N,11,49,48.81,55,
blandbt,43,R,N,11,50,48.81,55,
blandbt,46,R,N,11,50,48.81,55,
blandbt,47,R,N,11,50,48.81,55,
blandbt,48,R,N,11,51,48.81,55,
blandbt,52,R,N,11,51,48.81,55,
rambilrd,1,R,C,11,44,48.97,57,
rambilrd,3,R,C,11,46,48.97,57,
rambilrd,5,R,L,11,47,48.97,57,
rambilrd,14,R,L,11,48,48.97,57,
rambilrd,22,R,L,11,50,48.97,57,
rambilrd,23,R,N,11,50,48.97,57,
rambilrd,25,R,N,11,50,48.97,57,
rambilrd,26,R,N,11,50,48.97,57,
rambilrd,27,R,N,11,50,48.97,57,
rambilrd,52,R,N,11,53,48.97,57,
rambilrd,53,R,N,11,53,48.97,57,
rambilrd,55,R,N,11,53,48.97,57,
rouss2wa,1,R,C,11,44,48.97,57,
rouss2wa,3,R,C,11,46,48.97,57,
rouss2wa,5,R,L,11,47,48.97,57,
rouss2wa,14,R,L,11,48,48.97,57,
rouss2wa,22,R,L,11,50,48.97,57,
rouss2wa,23,R,N,11,50,48.97,57,
rouss2wa,25,R,N,11,50,48.97,57,
rouss2wa,26,R,N,11,50,48.97,57,
rouss2wa,27,R,N,11,50,48.97,57,
rouss2wa,52,R,N,11,53,48.97,57,
rouss2wa,53,R,N,11,53,48.97,57,
rouss2wa,55,R,N,11,53,48.97,57,
drohatga,9,R,N,11,55,49.37,56,
drohatga,10,R,N,11,55,49.37,56,
drohatga,11,R,L,11,55,49.37,56,
drohatga,12,R,N,11,55,49.37,56,
drohatga,13,R,C,11,55,49.37,56,
drohatga,14,R,L,11,55,49.37,56,
drohatga,15,R,M,11,55,49.37,56,
drohatga,16,R,N,11,55,49.37,56,
drohatga,17,R,L,11,55,49.37,56,
drohatga,18,R,L,11,55,49.37,56,
drohatga,19,R,N,11,55,49.37,56,
drohatga,20,R,L,11,55,49.37,56,
drohatga,21,R,N,11,55,49.37,56,
frautsks,3,R,C,11,51,48.8,55,
frautsks,4,R,C,11,51,48.8,55,
frautsks,5,R,M,11,51,48.8,55,
frautsks,6,R,N,11,51,48.8,55,
frautsks,7,R,N,11,51,48.8,55,
frautsks,8,R,N,11,51,48.8,55,
frautsks,9,R,N,11,51,48.8,55,
frautsks,10,R,N,11,51,48.8,55,
frautsks,11,R,N,11,51,48.8,55,
frautsks,12,R,N,11,51,48.8,55,
frautsks,13,R,N,11,51,48.8,55,
frautsks,14,R,N,11,51,48.8,55,
frautsks,15,R,N,11,51,48.8,55,
witherko,11,R,L,11,46,49.12,55,
witherko,12,R,L,11,46,49.12,55,
witherko,17,R,N,11,47,49.12,55,
witherko,23,R,N,11,48,49.12,55,
witherko,26,R,N,11,49,49.12,55,
witherko,27,R,N,11,49,49.12,55,
witherko,28,R,N,11,49,49.12,55,
witherko,29,R,N,11,49,49.12,55,
witherko,30,R,N,11,49,49.12,55,
witherko,31,R,L,11,50,49.12,55,
Silerja,9,R,N,11,46,48.78,55,
Silerja,28,R,N,11,52,48.78,55,
Silerja,29,R,N,11,52,48.78,55,
Silerja,30,R,N,11,52,48.78,55,
Silerja,31,R,L,11,52,48.78,55,
bettsjp,36,R,M,11,53,49.98,58,
bettsjp,37,R,N,11,54,49.98,58,
bettsjp,38,R,N,11,54,49.98,58,
bettsjp,39,R,M,11,54,49.98,58,
bettsjp,40,R,L,11,54,49.98,58,
bettsjp,41,R,N,11,54,49.98,58,
bettsjp,42,R,L,11,54,49.98,58,
bettsjp,43,R,N,11,54,49.98,58,
bettsjp,44,R,N,11,55,49.98,58,
grimmejp,2,R,N,11,48,51.94,59,
grimmejp,3,R,L,11,48,51.94,59,
grimmejp,14,R,N,11,52,51.94,59,
grimmejp,18,R,L,11,53,51.94,59,
grimmejp,20,R,L,11,54,51.94,59,
grimmejp,26,R,N,11,56,51.94,59,
grimmejp,28,R,L,11,56,51.94,59,
grimmejp,31,R,N,11,57,51.94,59,
grimmejp,36,R,L,11,58,51.94,59,
grimmejp,39,R,N,11,59,51.94,59,
grimmejp,48,R,L,12,2,51.94,59,
grimmejp,53,R,M,12,3,51.94,59,
valentga,19,R,L,11,51,49.98,57,
valentga,20,R,N,11,51,49.98,57,
valentga,21,R,N,11,51,49.98,57,
valentga,22,R,N,11,51,49.98,57,
valentga,23,R,L,11,51,49.98,57,
valentga,24,R,N,11,51,49.98,57,
valentga,25,R,L,11,51,49.98,57,
valentga,26,R,N,11,52,49.98,57,
valentga,27,R,N,11,52,49.98,57,
valentga,28,R,L,11,52,49.98,57,
valentga,29,R,N,11,52,49.98,57,
valentga,30,R,N,11,52,49.98,57,
valentga,31,R,L,11,53,49.98,57,
valentga,32,R,N,11,53,49.98,57,
valentga,33,R,N,11,53,49.98,57,
jankowmx,14,R,L,11,49,49.79,55,
jankowmx,22,R,L,11,51,49.79,55,
jankowmx,23,R,L,11,51,49.79,55,
jankowmx,29,R,L,11,52,49.79,55,
jankowmx,31,R,N,11,52,49.79,55,
jankowmx,35,R,L,11,52,49.79,55,
jankowmx,37,R,L,11,52,49.79,55,
jankowmx,39,R,N,11,52,49.79,55,
jankowmx,42,R,N,11,53,49.79,55,
jankowmx,45,R,L,11,53,49.79,55,
jankowmx,48,R,N,11,54,49.79,55,
schuyljw,43,R,N,11,57,50.35,57,
schuyljw,44,R,N,11,57,50.35,57,
schuyljw,45,R,N,11,57,50.35,57,
schuyljw,46,R,N,11,57,50.35,57,
schuyljw,47,R,N,11,58,50.35,57,
schuyljw,48,R,L,11,58,50.35,57,
schuyljw,49,R,N,11,58,50.35,57,
schuyljw,50,R,N,11,58,50.35,57,
schuyljw,51,R,N,11,59,50.35,57,
schuyljw,52,R,N,11,59,50.35,57,
schuyljw,53,R,N,11,59,50.35,57,
schuyljw,54,R,N,11,59,50.35,57,
byrdes,6,R,C,11,45,50.7,58,
byrdes,21,R,M,11,50,50.7,58,
byrdes,22,R,L,11,50,50.7,58,
byrdes,31,R,N,11,52,50.7,58,
byrdes,54,R,L,11,59,50.7,58,
byrdes,58,R,L,12,0,50.7,58,
gagnonop,1,R,N,11,46,46.85,53,
gagnonop,2,R,L,11,47,46.85,53,
gagnonop,5,R,N,11,48,46.85,53,
gagnonop,6,R,N,11,49,46.85,53,
gagnonop,17,R,C,11,53,46.85,53,
gagnonop,22,R,L,11,55,46.85,53,
gagnonop,24,R,L,11,55,46.85,53,
gagnonop,34,R,L,11,57,46.85,53,
gagnonop,38,R,N,11,59,46.85,53,
gagnonop,41,R,N,11,59,46.85,53,
gagnonop,42,R,L,11,59,46.85,53,
gagnonop,52,R,N,12,2,46.85,53,
gagnonop,53,R,C,12,2,46.85,53,
Poolerc,14,R,N,11,52,49.02,56,
Poolerc,15,R,L,11,52,49.02,56,
Poolerc,16,R,N,11,52,49.02,56,
Poolerc,17,R,L,11,53,49.02,56,
Poolerc,18,R,L,11,53,49.02,56,
Poolerc,19,R,N,11,53,49.02,56,
Poolerc,20,R,L,11,53,49.02,56,
Poolerc,21,R,N,11,53,49.02,56,
Poolerc,22,R,N,11,53,49.02,56,
Poolerc,23,R,C,11,54,49.02,56,
Poolerc,24,R,N,11,54,49.02,56,
blanchwj,42,R,C,11,54,48.4,55,
blanchwj,43,R,L,11,54,48.4,55,
blanchwj,44,R,N,11,54,48.4,55,
blanchwj,45,R,N,11,54,48.4,55,
blanchwj,46,R,N,11,54,48.4,55,
blanchwj,47,R,N,11,54,48.4,55,
cartoncr,1,R,L,11,47,48.57,55,
cartoncr,2,R,N,11,48,48.57,55,
cartoncr,10,R,N,11,51,48.57,55,
cartoncr,11,R,L,11,52,48.57,55,
cartoncr,14,R,L,11,53,48.57,55,
cartoncr,20,R,L,11,54,48.57,55,
cartoncr,26,R,N,11,56,48.57,55,
cartoncr,31,R,N,11,57,48.57,55,
cartoncr,37,R,L,11,58,48.57,55,
cartoncr,43,R,M,11,59,48.57,55,
cartoncr,48,R,L,12,0,48.57,55,
cartoncr,52,R,C,12,1,48.57,55,
cartoncr,53,R,N,12,1,48.57,55,
grimmejp,2,R,N,11,48,51.94,59,
grimmejp,3,R,L,11,48,51.94,59,
grimmejp,14,R,L,11,52,51.94,59,
grimmejp,18,R,L,11,53,51.94,59,
grimmejp,20,R,L,11,54,51.94,59,
grimmejp,26,R,N,11,56,51.94,59,
grimmejp,28,R,L,11,56,51.94,59,
grimmejp,31,R,N,11,57,51.94,59,
grimmejp,36,R,L,11,58,51.94,59,
grimmejp,39,R,N,11,59,51.94,59,
grimmejp,48,R,L,12,2,51.94,59,
grimmejp,53,R,M,12,3,51.94,59,
clark3kr,4,R,M,11,50,49.33,56,
clark3kr,11,R,L,11,52,49.33,56,
clark3kr,12,R,N,11,52,49.33,56,
clark3kr,15,R,N,11,53,49.33,56,
clark3kr,44,R,L,12,0,49.33,56,
clark3kr,45,R,L,12,1,49.33,56,
clark3kr,46,R,N,12,1,49.33,56,
clark3kr,47,R,N,12,2,49.33,56,
clark3kr,48,R,L,12,2,49.33,56,
white3cd,2,R,L,11,48,51.09,59,
white3cd,15,R,N,11,54,51.09,59,
white3cd,20,R,N,11,55,51.09,59,
white3cd,33,R,C,11,57,51.09,59,
white3cd,35,R,N,11,57,51.09,59,
white3cd,45,R,L,11,59,51.09,59,
white3cd,49,R,L,12,0,51.09,59,
white3cd,50,R,M,12,0,51.09,59,
white3cd,55,R,L,12,1,51.09,59,
Stankake,7,R,N,11,48,50.18,59,
Stankake,11,R,L,11,50,50.18,59,
Stankake,16,R,L,11,51,50.18,59,
Stankake,19,R,L,11,52,50.18,59,
Stankake,23,R,N,11,53,50.18,59,
Stankake,25,R,L,11,53,50.18,59,
Stankake,30,R,N,11,55,50.18,59,
Stankake,34,R,N,11,56,50.18,59,
Stankake,39,R,M,11,58,50.18,59,
Stankake,46,R,L,12,0,50.18,59,
Stankake,47,R,L,12,0,50.18,59,
Stankake,55,R,N,12,3,50.18,59,
Stankake,56,R,L,12,3,50.18,59,
boltzjr,15,R,L,11,49,48.53,52,
boltzjr,16,R,L,11,49,48.53,52,
boltzjr,17,R,M,11,49,48.53,52,
boltzjr,18,R,N,11,50,48.53,52,
boltzjr,19,R,N,11,50,48.53,52,
boltzjr,20,R,N,11,50,48.53,52,
boltzjr,21,R,N,11,50,48.53,52,
boltzjr,22,R,N,11,50,48.53,52,
nicho2nx,2,R,M,11,49,47.34,54,
nicho2nx,3,R,L,11,50,47.34,54,
nicho2nx,8,R,L,11,51,47.34,54,
nicho2nx,19,R,C,11,54,47.34,54,
nicho2nx,20,R,M,11,55,47.34,54,
nicho2nx,25,R,N,11,56,47.34,54,
nicho2nx,36,R,N,11,58,47.34,54,
nicho2nx,37,R,L,11,59,47.34,54,
nicho2nx,42,R,M,12,0,47.34,54,
nicho2nx,53,R,C,12,5,47.34,54,
nicho2nx,54,R,M,12,5,47.34,54,
allenrj,25,Y,M,10,53,50.14,57,
allenrj,26,Y,M,10,53,50.14,57,
allenrj,27,Y,L,10,53,50.14,57,
allenrj,28,Y,N,10,53,50.14,57,
allenrj,29,Y,N,10,53,50.14,57,
allenrj,30,Y,N,10,53,50.14,57,
allenrj,31,Y,N,10,53,50.14,57,
Pinoja,2,Y,M,10,42,48.3,49,
Pinoja,14,Y,N,10,45,48.3,49,
Pinoja,23,Y,L,10,48,48.3,49,
Pinoja,31,Y,N,10,50,48.3,49,
Pinoja,35,Y,N,10,50,48.3,49,
Pinoja,36,Y,N,10,50,48.3,49,
Pinoja,39,Y,N,10,51,48.3,49,
Pinoja,43,Y,N,10,51,48.3,49,
walsh3hm,14,Y,N,10,49,49.6,57,
walsh3hm,26,Y,L,10,51,49.6,57,
walsh3hm,31,Y,N,10,52,49.6,57,
walsh3hm,36,Y,N,10,53,49.6,57,
brikkewf,54,Y,N,10,55,49.5,55,
brikkewf,55,Y,N,10,55,49.5,55,
saxmanbf,9,Y,N,10,47,50.95,58,
saxmanbf,11,Y,L,10,47,50.95,58,
saxmanbf,15,Y,N,10,48,50.95,58,
saxmanbf,23,Y,N,10,50,50.95,58,
saxmanbf,38,Y,N,10,53,50.95,58,
saxmanbf,56,Y,L,10,57,50.95,58,
billindr,9,Y,C,10,51,50.16,57,
billindr,10,Y,L,10,51,50.16,57,
billindr,11,Y,L,10,51,50.16,57,
billindr,12,Y,N,10,51,50.16,57,
billindr,13,Y,N,10,51,50.16,57,
billindr,14,Y,N,10,51,50.16,57,
billindr,15,Y,N,10,51,50.16,57,
billindr,16,Y,N,10,51,50.16,57,
billindr,17,Y,N,10,51,50.16,57,
billindr,18,Y,N,10,51,50.16,57,
lasekmz,6,Y,N,10,46,48.72,55,
lasekmz,13,Y,N,10,48,48.72,55,
lasekmz,29,Y,L,10,51,48.72,55,
lasekmz,40,Y,L,10,54,48.72,55,
lasekmz,46,Y,C,10,55,48.72,55,
lasekmz,47,Y,L,10,56,48.72,55,
stubengi,1,Y,L,10,48,48.64,56,
stubengi,2,Y,N,10,48,48.64,56,
stubengi,3,Y,N,10,48,48.64,56,
stubengi,4,Y,N,10,48,48.64,56,
stubengi,5,Y,N,10,48,48.64,56,
stubengi,6,Y,N,10,48,48.64,56,
stubengi,7,Y,N,10,48,48.64,56,
Tiggesja,7,Y,L,10,46,50.61,57,
Tiggesja,17,Y,N,10,50,50.61,57,
Tiggesja,37,Y,N,10,54,50.61,57,
Tiggesja,39,Y,N,10,54,50.61,57,
Tiggesja,55,Y,N,10,57,50.61,57,
selamarx,2,Y,N,10,46,48.75,55,
selamarx,13,Y,N,10,50,48.75,55,
selamarx,20,Y,C,10,52,48.75,55,
selamarx,32,Y,N,10,54,48.75,55,
selamarx,37,Y,L,10,55,48.75,55,
selamarx,43,Y,L,10,55,48.75,55,
selamarx,50,Y,N,10,56,48.75,55,
selamarx,55,Y,N,10,57,48.75,55,
gray2dl,1,Y,N,10,48,49.15,56,
gray2dl,4,Y,C,10,49,49.15,56,
gray2dl,6,Y,N,10,50,49.15,56,
gray2dl,22,Y,N,10,53,49.15,56,
gray2dl,23,Y,N,10,54,49.15,56,
gray2dl,31,Y,N,10,55,49.15,56,
gray2dl,37,Y,N,10,57,49.15,56,
Schereeu,3,Y,N,10,45,48.5,55,
Schereeu,5,Y,N,10,46,48.5,55,
Schereeu,11,Y,N,10,47,48.5,55,
Schereeu,15,Y,N,10,49,48.5,55,
Schereeu,19,Y,N,10,50,48.5,55,
Schereeu,21,Y,L,10,50,48.5,55,
Schereeu,37,Y,N,10,55,48.5,55,
Schereeu,44,Y,N,10,56,48.5,55,
Fairchap,4,Y,N,10,45,50.23,57,
Fairchap,13,Y,N,10,48,50.23,57,
Fairchap,39,Y,L,10,55,50.23,57,
Fairchap,55,Y,N,10,59,50.23,57,
Netzelbj,14,Y,N,10,48,48.95,56,
Netzelbj,15,Y,N,10,48,48.95,56,
Netzelbj,16,Y,N,10,48,48.95,56,
Netzelbj,17,Y,N,10,49,48.95,56,
Netzelbj,18,Y,N,10,49,48.95,56,
Netzelbj,19,Y,L,10,49,48.95,56,
pickfoja,4,Y,L,10,48,48.95,56,
pickfoja,8,Y,N,10,50,48.95,56,
pickfoja,10,Y,N,10,50,48.95,56,
pickfoja,18,Y,N,10,53,48.95,56,
pickfoja,21,Y,C,10,54,48.95,56,
pickfoja,29,Y,L,10,56,48.95,56,
pickfoja,34,Y,N,10,57,48.95,56,
pickfoja,43,Y,N,10,59,48.95,56,
pickfoja,47,Y,L,11,0,48.95,56,
pickfoja,51,Y,L,11,1,48.95,56,
staplelm,52,Y,L,10,57,48.72,55,
staplelm,53,Y,L,10,57,48.72,55,
staplelm,54,Y,M,10,57,48.72,55,
staplelm,55,Y,N,10,57,48.72,55,
rumburtm,11,Y,N,10,48,48.78,56,
rumburtm,12,Y,N,10,48,48.78,56,
rumburtm,21,Y,M,10,53,48.78,56,
rumburtm,24,Y,N,10,54,48.78,56,
rumburtm,25,Y,L,10,54,48.78,56,
rumburtm,32,Y,L,10,56,48.78,56,
rumburtm,38,Y,N,10,58,48.78,56,
rumburtm,45,Y,N,10,59,48.78,56,
rumburtm,47,Y,N,10,59,48.78,56,
rumburtm,50,Y,L,10,59,48.78,56,
rumburtm,55,Y,N,10,59,48.78,56,
paintejm,39,Y,L,10,48,47.95,55,
paintejm,40,Y,L,10,48,47.95,55,
paintejm,41,Y,L,10,48,47.95,55,
paintejm,42,Y,L,10,48,47.95,55,
gibbonej,44,Y,N,11,1,48.93,55,
gibbonej,45,Y,N,11,1,48.93,55,
gibbonej,46,Y,M,11,2,48.93,55,
gibbonej,47,Y,N,11,2,48.93,55,
gibbonej,48,Y,L,11,2,48.93,55,
gibbonej,49,Y,N,11,2,48.93,55,
gibbonej,50,Y,M,11,2,48.93,55,
gibbonej,51,Y,N,11,3,48.93,55,
gibbonej,51,Y,N,11,3,48.93,55,
gibbonej,51,Y,C,11,3,48.93,55,
gibbonej,51,Y,M,11,3,48.93,55,
gibbonej,51,Y,L,11,4,48.93,55,
ridgepb,14,Y,L,10,52,49.8,56,
ridgepb,15,Y,N,10,52,49.8,56,
ridgepb,25,Y,C,10,54,49.8,56,
ridgepb,32,Y,N,10,56,49.8,56,
ridgepb,33,Y,L,10,56,49.8,56,
ridgepb,54,Y,N,11,0,49.8,56,
ridgepb,55,Y,N,11,0,49.8,56,
withroac,7,Y,L,10,50,47.2,55,
withroac,9,Y,L,10,51,47.2,55,
withroac,23,Y,L,10,56,47.2,55,
withroac,29,Y,L,10,58,47.2,55,
withroac,30,Y,L,10,58,47.2,55,
withroac,38,Y,M,11,1,47.2,55,
withroac,42,Y,L,11,2,47.2,55,
withroac,52,Y,L,11,5,47.2,55,
withroac,54,Y,L,11,5,47.2,55,
ruppreji,9,Y,L,10,50,50.18,56,
ruppreji,21,Y,N,10,55,50.18,56,
ruppreji,22,Y,N,10,55,50.18,56,
ruppreji,23,Y,L,10,55,50.18,56,
ruppreji,24,Y,N,10,56,50.18,56,
ruppreji,25,Y,N,10,57,50.18,56,
ruppreji,26,Y,N,10,57,50.18,56,
ruppreji,27,Y,L,10,57,50.18,56,
cowen2jr,11,Y,N,10,46,48.44,55,
cowen2jr,12,Y,N,10,47,48.44,55,
cowen2jr,18,Y,N,10,48,48.44,55,
cowen2jr,21,Y,C,10,49,48.44,55,
cowen2jr,24,Y,L,10,50,48.44,55,
cowen2jr,32,Y,N,10,52,48.44,55,
cowen2jr,37,Y,N,10,53,48.44,55,
cowen2jr,40,Y,N,10,54,48.44,55,
cowen2jr,41,Y,N,10,54,48.44,55,
cowen2jr,43,Y,N,10,55,48.44,55,
cowen2jr,44,Y,L,10,55,48.44,55,
cowen2jr,45,Y,N,10,55,48.44,55,
barboujm,3,Y,N,10,51,48.05,54,
barboujm,5,Y,N,10,51,48.05,54,
barboujm,6,Y,N,10,52,48.05,54,
barboujm,16,Y,C,10,57,48.05,54,
barboujm,42,Y,N,11,5,48.05,54,
barboujm,43,Y,N,11,5,48.05,54,
barboujm,44,Y,N,11,5,48.05,54,
Barre3am,18,Y,N,11,0,49.4,56,
Barre3am,25,Y,N,11,3,49.4,56,
Barre3am,33,Y,L,11,6,49.4,56,
Barre3am,35,Y,N,11,7,49.4,56,
Barre3am,46,Y,N,11,10,49.4,56,
Barre3am,55,Y,N,11,13,49.4,56,
Waltergs,4,Y,N,11,46,50.2,57,
Waltergs,12,Y,L,11,46,50.2,57,
Waltergs,17,Y,L,11,46,50.2,57,
Waltergs,30,Y,N,11,46,50.2,57,
Waltergs,31,Y,N,11,46,50.2,57,
Waltergs,41,Y,L,11,46,50.2,57,
Waltergs,48,Y,L,11,46,50.2,57,
jacquaat,48,Y,N,11,47,49.45,57,
jacquaat,49,Y,N,11,47,49.45,57,
jacquaat,50,Y,N,11,47,49.45,57,
jacquaat,51,Y,N,11,47,49.45,57,
jacquaat,52,Y,N,11,47,49.45,57,
jacquaat,53,Y,N,11,47,49.45,57,
jacquaat,54,Y,L,11,47,49.45,57,
jacquaat,55,Y,L,11,47,49.45,57,
jacquaat,56,Y,L,11,47,49.45,57,
jacquaat,57,Y,L,11,47,49.45,57,
Delucaar,5,Y,N,11,43,50.53,57,
Delucaar,16,Y,L,11,45,50.53,57,
Delucaar,18,Y,N,11,45,50.53,57,
Delucaar,20,Y,N,11,46,50.53,57,
Delucaar,27,Y,M,11,48,50.53,57,
Delucaar,38,Y,N,11,50,50.53,57,
Delucaar,55,Y,N,11,52,50.53,57,
Delucaar,56,Y,N,11,52,50.53,57,
kaiserjm,5,Y,C,11,40,49.77,55,
kaiserjm,6,Y,N,11,42,49.77,55,
kaiserjm,7,Y,N,11,42,49.77,55,
kaiserjm,8,Y,N,11,42,49.77,55,
kaiserjm,9,Y,N,11,42,49.77,55,
kaiserjm,10,Y,N,11,42,49.77,55,
kaiserjm,11,Y,N,11,44,49.77,55,
kaiserjm,12,Y,N,11,44,49.77,55,
kaiserjm,13,Y,N,11,44,49.77,55,
blandbt,8,Y,N,11,44,48.81,55,
blandbt,34,Y,N,11,48,48.81,55,
blandbt,36,Y,L,11,49,48.81,55,
blandbt,38,Y,L,11,49,48.81,55,
rambilrd,6,Y,M,11,47,48.97,57,
rambilrd,9,Y,M,11,47,48.97,57,
rambilrd,16,Y,M,11,48,48.97,57,
rambilrd,19,Y,M,11,49,48.97,57,
rambilrd,36,Y,N,11,51,48.97,57,
rambilrd,37,Y,N,11,51,48.97,57,
rambilrd,38,Y,L,11,51,48.97,57,
rambilrd,39,Y,L,11,51,48.97,57,
rouss2wa,6,Y,M,11,47,48.97,57,
rouss2wa,9,Y,M,11,47,48.97,57,
rouss2wa,16,Y,M,11,48,48.97,57,
rouss2wa,19,Y,M,11,49,48.97,57,
rouss2wa,36,Y,N,11,51,48.97,57,
rouss2wa,37,Y,N,11,51,48.97,57,
rouss2wa,38,Y,L,11,51,48.97,57,
rouss2wa,39,Y,L,11,51,48.97,57,
drohatga,22,Y,N,11,55,49.37,56,
drohatga,23,Y,N,11,55,49.37,56,
drohatga,24,Y,N,11,55,49.37,56,
drohatga,25,Y,L,11,55,49.37,56,
drohatga,26,Y,N,11,55,49.37,56,
drohatga,27,Y,L,11,55,49.37,56,
drohatga,28,Y,N,11,55,49.37,56,
drohatga,29,Y,N,11,55,49.37,56,
drohatga,30,Y,L,11,55,49.37,56,
frautsks,1,Y,N,11,45,48.8,55,
frautsks,2,Y,N,11,45,48.8,55,
witherko,14,Y,N,11,46,49.12,55,
witherko,22,Y,N,11,48,49.12,55,
witherko,46,Y,N,11,52,49.12,55,
witherko,47,Y,N,11,52,49.12,55,
Silerja,1,Y,L,11,43,48.78,55,
Silerja,3,Y,N,11,44,48.78,55,
Silerja,10,Y,L,11,46,48.78,55,
Silerja,39,Y,N,11,54,48.78,55,
Silerja,40,Y,N,11,54,48.78,55,
Silerja,41,Y,N,11,54,48.78,55,
Silerja,42,Y,N,11,54,48.78,55,
Silerja,43,Y,N,11,54,48.78,55,
Silerja,44,Y,C,11,54,48.78,55,
Silerja,45,Y,L,11,54,48.78,55,
Silerja,46,Y,L,11,54,48.78,55,
bettsjp,29,Y,C,11,52,49.98,58,
bettsjp,30,Y,C,11,52,49.98,58,
bettsjp,31,Y,N,11,53,49.98,58,
bettsjp,32,Y,N,11,53,49.98,58,
bettsjp,33,Y,N,11,53,49.98,58,
bettsjp,34,Y,N,11,53,49.98,58,
bettsjp,35,Y,N,11,53,49.98,58,
grimmejp,4,Y,N,11,49,51.94,59,
grimmejp,9,Y,L,11,51,51.94,59,
grimmejp,13,Y,M,11,52,51.94,59,
grimmejp,25,Y,N,11,55,51.94,59,
grimmejp,32,Y,M,11,57,51.94,59,
grimmejp,45,Y,L,12,2,51.94,59,
valentga,12,Y,M,11,49,49.98,57,
valentga,13,Y,N,11,49,49.98,57,
valentga,14,Y,L,11,50,49.98,57,
valentga,15,Y,N,11,50,49.98,57,
valentga,16,Y,N,11,50,49.98,57,
valentga,17,Y,N,11,50,49.98,57,
valentga,18,Y,N,11,50,49.98,57,
jankowmx,19,Y,L,11,50,49.79,55,
jankowmx,34,Y,L,11,52,49.79,55,
jankowmx,38,Y,L,11,52,49.79,55,
jankowmx,43,Y,N,11,53,49.79,55,
jankowmx,49,Y,L,11,54,49.79,55,
jankowmx,52,Y,L,11,54,49.79,55,
schuyljw,23,Y,N,11,51,50.35,57,
schuyljw,24,Y,N,11,51,50.35,57,
schuyljw,25,Y,N,11,51,50.35,57,
schuyljw,26,Y,C,11,52,50.35,57,
schuyljw,27,Y,N,11,52,50.35,57,
schuyljw,28,Y,C,11,52,50.35,57,
schuyljw,29,Y,L,11,52,50.35,57,
schuyljw,30,Y,N,11,53,50.35,57,
schuyljw,31,Y,M,11,53,50.35,57,
byrdes,2,Y,N,11,43,50.7,58,
byrdes,3,Y,N,11,44,50.7,58,
byrdes,13,Y,N,11,48,50.7,58,
byrdes,24,Y,N,11,50,50.7,58,
byrdes,25,Y,N,11,51,50.7,58,
byrdes,27,Y,N,11,51,50.7,58,
byrdes,37,Y,N,11,54,50.7,58,
byrdes,45,Y,N,11,56,50.7,58,
gagnonop,3,Y,L,11,48,46.85,53,
gagnonop,19,Y,N,11,54,46.85,53,
gagnonop,28,Y,C,11,56,46.85,53,
gagnonop,35,Y,N,11,58,46.85,53,
gagnonop,37,Y,N,11,58,46.85,53,
gagnonop,43,Y,C,12,0,46.85,53,
gagnonop,47,Y,N,12,1,46.85,53,
gagnonop,48,Y,L,12,1,46.85,53,
Poolerc,36,Y,N,11,57,49.02,56,
Poolerc,37,Y,N,11,57,49.02,56,
Poolerc,38,Y,N,11,57,49.02,56,
Poolerc,39,Y,L,11,57,49.02,56,
Poolerc,40,Y,C,11,58,49.02,56,
Poolerc,41,Y,L,11,58,49.02,56,
Poolerc,42,Y,N,11,58,49.02,56,
Poolerc,43,Y,N,11,58,49.02,56,
blanchwj,37,Y,C,11,54,48.4,55,
blanchwj,38,Y,N,11,54,48.4,55,
blanchwj,39,Y,N,11,54,48.4,55,
blanchwj,40,Y,N,11,54,48.4,55,
blanchwj,41,Y,N,11,54,48.4,55,
cartoncr,9,Y,C,11,50,48.57,55,
cartoncr,13,Y,L,11,52,48.57,55,
cartoncr,17,Y,N,11,53,48.57,55,
cartoncr,18,Y,L,11,54,48.57,55,
cartoncr,27,Y,N,11,56,48.57,55,
cartoncr,36,Y,N,11,58,48.57,55,
cartoncr,41,Y,M,11,59,48.57,55,
cartoncr,44,Y,L,11,59,48.57,55,
cartoncr,51,Y,M,12,1,48.57,55,
cartoncr,55,Y,N,12,2,48.57,55,
grimmejp,4,Y,N,11,49,51.94,59,
grimmejp,9,Y,L,11,51,51.94,59,
grimmejp,13,Y,N,11,52,51.94,59,
grimmejp,25,Y,N,11,55,51.94,59,
grimmejp,32,Y,M,11,57,51.94,59,
grimmejp,45,Y,L,12,2,51.94,59,
clark3kr,1,Y,N,11,47,49.33,56,
clark3kr,6,Y,M,11,50,49.33,56,
clark3kr,8,Y,N,11,51,49.33,56,
clark3kr,13,Y,N,11,53,49.33,56,
clark3kr,39,Y,N,11,59,49.33,56,
clark3kr,40,Y,L,11,59,49.33,56,
clark3kr,41,Y,N,12,0,49.33,56,
clark3kr,42,Y,N,12,0,49.33,56,
clark3kr,43,Y,M,12,0,49.33,56,
white3cd,3,Y,N,11,48,51.09,59,
white3cd,4,Y,C,11,48,51.09,59,
white3cd,6,Y,N,11,49,51.09,59,
white3cd,8,Y,N,11,50,51.09,59,
white3cd,10,Y,L,11,51,51.09,59,
white3cd,16,Y,M,11,54,51.09,59,
white3cd,25,Y,N,11,56,51.09,59,
white3cd,28,Y,N,11,56,51.09,59,
white3cd,42,Y,L,11,59,51.09,59,
Stankake,4,Y,L,11,47,50.18,59,
Stankake,20,Y,M,11,52,50.18,59,
Stankake,38,Y,N,11,58,50.18,59,
Stankake,43,Y,M,12,0,50.18,59,
Stankake,45,Y,N,12,0,50.18,59,
Stankake,57,Y,L,12,4,50.18,59,
boltzjr,36,Y,L,11,54,48.53,52,
boltzjr,37,Y,L,11,54,48.53,52,
boltzjr,38,Y,N,11,54,48.53,52,
boltzjr,39,Y,N,11,55,48.53,52,
boltzjr,40,Y,N,11,55,48.53,52,
boltzjr,41,Y,N,11,55,48.53,52,
nicho2nx,5,Y,N,11,50,47.34,54,