student,id,color,defect
wilburld,1,B,L
wilburld,2,B,N
wilburld,3,B,N
wilburld,4,B,N
wilburld,5,B,N
wilburld,6,B,C
wilburld,7,B,N
wilburld,8,B,C
wilburld,9,B,L
wilburld,10,B,N
wilburld,11,B,C
wilburld,12,B,C
wilburld,13,R,C
wilburld,14,R,N
wilburld,15,R,N
wilburld,16,R,C
wilburld,17,R,N
wilburld,18,R,C
wilburld,19,BR,N
wilburld,20,BR,N
wilburld,21,BR,L
wilburld,22,BR,N
wilburld,23,G,N
wilburld,24,G,C
wilburld,25,G,N
wilburld,26,G,C
wilburld,27,G,N
wilburld,28,G,N
wilburld,29,G,N
wilburld,30,G,C
wilburld,31,G,C
wilburld,32,G,N
wilburld,33,G,L
wilburld,34,O,L
wilburld,35,O,N
wilburld,36,O,N
wilburld,37,O,N
wilburld,38,O,N
wilburld,39,O,N
wilburld,40,O,N
wilburld,41,O,N
wilburld,42,O,N
wilburld,43,O,N
wilburld,44,O,N
wilburld,45,O,N
wilburld,46,O,L
wilburld,47,O,L
wilburld,48,O,N
wilburld,49,O,N
wilburld,50,O,N
wilburld,51,O,C
wilburld,52,O,N
wilburld,53,Y,N
gentilns,1,G,L
gentilns,2,G,C
gentilns,3,O,N
gentilns,4,B,M
gentilns,5,O,C
gentilns,6,Y,C
gentilns,7,B,C
gentilns,8,O,C
gentilns,9,B,N
gentilns,10,O,N
gentilns,11,R,N
gentilns,12,O,C
gentilns,13,B,C
gentilns,14,O,C
gentilns,15,BR,C
gentilns,16,B,N
gentilns,17,B,C
gentilns,18,BR,N
gentilns,19,O,C
gentilns,20,R,C
gentilns,21,B,C
gentilns,22,O,C
gentilns,23,Y,C
gentilns,24,BR,M
gentilns,25,O,N
gentilns,26,G,C
gentilns,27,G,C
gentilns,28,Y,N
gentilns,29,R,N
gentilns,30,R,C
gentilns,31,BR,M
gentilns,32,BR,N
gentilns,33,B,N
gentilns,34,BR,N
gentilns,35,G,C
gentilns,36,G,N
gentilns,37,B,N
gentilns,38,B,C
gentilns,39,B,M
gentilns,40,B,C
gentilns,41,B,C
gentilns,42,G,N
gentilns,43,B,C
gentilns,44,B,N
gentilns,45,Y,C
gentilns,46,O,C
gentilns,47,Y,C
gentilns,48,Y,M
gentilns,49,Y,M
gentilns,50,O,M
gentilns,51,B,N
gentilns,52,O,C
hyltonem,1,O,N
hyltonem,2,Y,M
hyltonem,3,R,M
hyltonem,4,B,C
hyltonem,5,O,C
hyltonem,6,O,C
hyltonem,7,B,C
hyltonem,8,O,N
hyltonem,9,BR,C
hyltonem,10,R,C
hyltonem,11,B,M
hyltonem,12,O,C
hyltonem,13,B,C
hyltonem,14,B,C
hyltonem,15,B,C
hyltonem,16,G,N
hyltonem,17,G,N
hyltonem,18,Y,N
hyltonem,19,B,N
hyltonem,20,B,N
hyltonem,21,B,N
hyltonem,22,O,N
hyltonem,23,O,N
hyltonem,24,O,C
hyltonem,25,G,C
hyltonem,26,G,C
hyltonem,27,B,N
hyltonem,28,O,C
hyltonem,29,Y,N
hyltonem,30,G,C
hyltonem,31,B,C
hyltonem,32,B,C
hyltonem,33,O,C
hyltonem,34,O,N
hyltonem,35,G,C
hyltonem,36,R,M
hyltonem,37,BR,C
hyltonem,38,O,C
hyltonem,39,O,C
hyltonem,40,BR,M
hyltonem,41,G,C
hyltonem,42,Y,C
hyltonem,43,G,M
hyltonem,44,Y,N
hyltonem,45,B,L
hyltonem,46,B,C
hyltonem,47,R,C
hyltonem,48,B,C
hyltonem,49,BR,C
hyltonem,50,Y,N
hyltonem,51,O,M
hyltonem,52,O,M
hyltonem,53,B,M
burtonba,1,BR,C
burtonba,2,Y,C
burtonba,3,O,N
burtonba,4,R,C
burtonba,5,B,N
burtonba,6,B,N
burtonba,7,O,N
burtonba,8,O,C
burtonba,9,O,C
burtonba,10,B,C
burtonba,11,O,C
burtonba,12,O,N
burtonba,13,O,N
burtonba,14,O,N
burtonba,15,B,N
burtonba,16,Y,N
burtonba,17,R,N
burtonba,18,O,N
burtonba,19,O,N
burtonba,20,B,N
burtonba,21,B,C
burtonba,22,O,C
burtonba,23,O,C
burtonba,24,B,C
burtonba,25,O,N
burtonba,26,G,N
burtonba,27,B,N
burtonba,28,B,N
burtonba,29,Y,N
burtonba,30,B,N
burtonba,31,B,C
burtonba,32,B,N
burtonba,33,B,N
burtonba,34,BR,N
burtonba,35,O,L
burtonba,36,G,C
burtonba,37,BR,M
burtonba,38,Y,L
burtonba,39,Y,C
burtonba,40,G,N
burtonba,41,O,N
burtonba,42,O,N
burtonba,43,Y,N
burtonba,44,B,N
burtonba,45,O,L
burtonba,46,G,N
burtonba,47,Y,N
burtonba,48,B,N
burtonba,49,G,N
burtonba,50,B,N
burtonba,51,Y,N
burtonba,52,B,N
burtonba,53,O,N
burtonba,54,O,C
burtonba,55,O,C
burtonba,56,B,N
burtonba,57,B,N
soykaan,1,B,C
soykaan,2,Y,C
soykaan,3,G,N
soykaan,4,Y,N
soykaan,5,O,N
soykaan,6,B,N
soykaan,7,G,C
soykaan,8,BR,L
soykaan,9,O,N
soykaan,10,Y,C
soykaan,11,Y,C
soykaan,12,O,N
soykaan,13,B,N
soykaan,14,BR,M
soykaan,15,O,N
soykaan,16,Y,N
soykaan,17,O,M
soykaan,18,B,N
soykaan,19,B,N
soykaan,20,Y,C
soykaan,21,R,N
soykaan,22,R,N
soykaan,23,G,C
soykaan,24,O,C
soykaan,25,R,L
soykaan,26,O,L
soykaan,27,O,L
soykaan,28,Y,C
soykaan,29,O,C
soykaan,30,BR,C
soykaan,31,B,N
soykaan,32,O,N
soykaan,33,B,C
soykaan,34,BR,N
soykaan,35,G,N
soykaan,36,G,N
soykaan,37,G,N
soykaan,38,R,C
soykaan,39,BR,N
soykaan,40,O,L
soykaan,41,BR,C
soykaan,42,B,N
soykaan,43,BR,M
soykaan,44,O,N
soykaan,45,O,L
soykaan,46,O,N
soykaan,47,R,C
soykaan,48,B,N
soykaan,49,O,L
soykaan,50,B,C
soykaan,51,O,C
soykaan,52,B,C
soykaan,53,O,L
corrybc,1,R,N
corrybc,2,B,N
corrybc,3,B,N
corrybc,4,B,N
corrybc,5,O,N
corrybc,6,R,C
corrybc,7,B,N
corrybc,8,O,N
corrybc,9,R,C
corrybc,10,Y,N
corrybc,11,O,N
corrybc,12,G,C
corrybc,13,B,N
corrybc,14,BR,C
corrybc,15,O,N
corrybc,16,R,N
corrybc,17,R,N
corrybc,18,BR,N
corrybc,19,Y,C
corrybc,20,Y,C
corrybc,21,R,C
corrybc,22,O,N
corrybc,23,G,N
corrybc,24,O,N
corrybc,25,O,N
corrybc,26,O,N
corrybc,27,R,N
corrybc,28,B,L
corrybc,29,O,N
corrybc,30,B,N
corrybc,31,Y,N
corrybc,32,B,N
corrybc,33,B,N
corrybc,34,G,N
corrybc,35,G,C
corrybc,36,BR,N
corrybc,37,R,C
corrybc,38,B,C
corrybc,39,Y,N
corrybc,40,B,C
corrybc,41,R,N
corrybc,42,G,N
corrybc,43,R,C
corrybc,44,Y,C
corrybc,45,G,L
corrybc,46,R,L
corrybc,47,R,N
corrybc,48,R,C
corrybc,49,B,N
corrybc,50,O,C
corrybc,51,R,N
corrybc,52,O,N
corrybc,53,B,C
corrybc,54,G,N
corrybc,55,B,C
corrybc,56,O,M
corrybc,57,BR,N
smith2ak,1,G,C
smith2ak,2,O,C
smith2ak,3,G,N
smith2ak,4,B,N
smith2ak,5,R,N
smith2ak,6,B,N
smith2ak,7,B,N
smith2ak,8,O,N
smith2ak,9,R,C
smith2ak,10,BR,C
smith2ak,11,G,N
smith2ak,12,O,C
smith2ak,13,G,N
smith2ak,14,G,N
smith2ak,15,G,N
smith2ak,16,O,N
smith2ak,17,O,N
smith2ak,18,G,N
smith2ak,19,Y,C
smith2ak,20,BR,N
smith2ak,21,B,N
smith2ak,22,G,N
smith2ak,23,Y,N
smith2ak,24,BR,C
smith2ak,25,O,N
smith2ak,26,O,C
smith2ak,27,O,N
smith2ak,28,Y,N
smith2ak,29,O,N
smith2ak,30,Y,N
smith2ak,32,R,L
smith2ak,33,B,N
smith2ak,34,O,N
smith2ak,35,O,C
smith2ak,36,G,N
smith2ak,37,Y,C
smith2ak,38,O,C
smith2ak,39,B,N
smith2ak,40,Y,C
smith2ak,41,Y,C
smith2ak,42,O,N
smith2ak,43,BR,N
smith2ak,44,R,C
smith2ak,45,Y,N
smith2ak,46,O,C
smith2ak,47,R,N
smith2ak,48,B,N
smith2ak,49,B,C
smith2ak,50,O,N
smith2ak,51,O,M
smith2ak,52,R,N
smith2ak,53,B,N
smith2ak,54,B,N
smith2ak,55,O,N
WINESHM,1,R,N
WINESHM,2,R,N
WINESHM,3,R,M
WINESHM,4,R,N
WINESHM,5,R,N
WINESHM,6,G,N
WINESHM,7,G,N
WINESHM,8,G,N
WINESHM,9,Y,N
WINESHM,10,Y,N
WINESHM,11,Y,N
WINESHM,12,BR,C
WINESHM,13,BR,L
WINESHM,14,BR,N
WINESHM,15,BR,N
WINESHM,16,BR,N
WINESHM,17,BR,M
WINESHM,18,BR,L
WINESHM,19,BR,N
WINESHM,20,BR,N
WINESHM,21,BR,N
WINESHM,22,O,C
WINESHM,23,O,N
WINESHM,24,O,N
WINESHM,25,O,N
WINESHM,26,O,C
WINESHM,27,O,N
WINESHM,28,O,N
WINESHM,29,O,L
WINESHM,30,O,L
WINESHM,31,O,N
WINESHM,32,O,L
WINESHM,33,O,N
WINESHM,34,O,L
WINESHM,35,O,N
WINESHM,36,O,N
WINESHM,37,B,N
WINESHM,38,B,N
WINESHM,39,B,L
WINESHM,40,B,L
WINESHM,41,B,L
WINESHM,42,B,N
WINESHM,43,B,C
WINESHM,44,B,N
WINESHM,45,B,N
WINESHM,46,B,C
WINESHM,47,B,N
WINESHM,48,B,N
WINESHM,49,B,N
WINESHM,50,B,N
WINESHM,51,B,N
WINESHM,52,B,L
slatermr,1,O,N
slatermr,2,O,C
slatermr,3,O,C
slatermr,4,G,N
slatermr,5,O,N
slatermr,6,B,C
slatermr,7,B,M
slatermr,8,Y,C
slatermr,9,Y,C
slatermr,10,R,C
slatermr,11,G,N
slatermr,12,G,C
slatermr,13,B,N
slatermr,14,R,N
slatermr,15,O,N
slatermr,16,B,C
slatermr,17,G,N
slatermr,18,G,N
slatermr,19,B,N
slatermr,20,B,M
slatermr,21,G,C
slatermr,22,O,N
slatermr,23,O,C
slatermr,24,Y,N
slatermr,25,Y,C
slatermr,26,BR,N
slatermr,27,BR,C
slatermr,28,G,N
slatermr,29,Y,N
slatermr,30,B,N
slatermr,31,R,C
slatermr,32,Y,N
slatermr,33,R,C
slatermr,34,B,C
slatermr,35,G,N
slatermr,36,R,N
slatermr,37,R,N
slatermr,38,B,N
slatermr,39,B,N
slatermr,40,BR,N
slatermr,41,BR,N
slatermr,42,B,N
slatermr,43,B,N
slatermr,44,G,N
slatermr,45,B,C
slatermr,46,O,N
slatermr,47,B,C
slatermr,48,O,C
slatermr,49,O,C
slatermr,50,R,C
slatermr,51,R,N
slatermr,52,BR,N
slatermr,53,BR,C
slatermr,54,B,N
slatermr,55,B,N
slatermr,56,R,C
slatermr,57,B,N
slatermr,58,Y,N
Howarden,1,R,N
Howarden,2,R,N
Howarden,3,R,N
Howarden,4,O,N
Howarden,5,O,N
Howarden,6,O,N
Howarden,7,O,N
Howarden,8,O,N
Howarden,9,O,N
Howarden,10,G,C
Howarden,11,B,C
Howarden,12,B,N
Howarden,13,O,N
Howarden,14,O,N
Howarden,15,O,C
Howarden,16,B,C
Howarden,17,B,N
Howarden,18,BR,N
Howarden,19,BR,N
Howarden,20,BR,N
Howarden,21,O,M
Howarden,22,G,N
Howarden,23,G,N
Howarden,24,Y,N
Howarden,25,R,N
Howarden,26,R,N
Howarden,27,O,C
Howarden,28,G,M
Howarden,29,O,M
Howarden,30,B,M
Howarden,31,BR,N
Howarden,32,BR,N
Howarden,33,BR,N
Howarden,34,O,N
Howarden,35,O,N
Howarden,36,O,N
Howarden,37,Y,C
Howarden,38,Y,N
Howarden,39,B,N
Howarden,40,B,N
Howarden,41,B,N
Howarden,42,B,N
Howarden,43,B,M
Howarden,44,O,N
Howarden,45,O,N
Howarden,46,Y,N
Howarden,47,Y,N
Howarden,48,Y,N
Howarden,49,Y,N
Howarden,50,BR,N
Howarden,51,R,N
Howarden,52,G,N
Mooreto,1,R,N
Mooreto,2,B,N
Mooreto,3,R,C
Mooreto,4,Y,N
Mooreto,5,BR,N
Mooreto,6,O,N
Mooreto,7,B,N
Mooreto,8,BR,N
Mooreto,9,O,N
Mooreto,10,BR,L
Mooreto,11,G,M
Mooreto,12,Y,N
Mooreto,13,G,N
Mooreto,14,O,N
Mooreto,15,O,N
Mooreto,16,O,N
Mooreto,17,B,N
Mooreto,18,B,C
Mooreto,19,O,N
Mooreto,20,B,N
Mooreto,21,O,C
Mooreto,22,B,N
Mooreto,23,B,C
Mooreto,24,G,N
Mooreto,25,R,N
Mooreto,26,G,N
Mooreto,27,B,M
Mooreto,28,G,N
Mooreto,29,B,N
Mooreto,30,B,C
Mooreto,31,B,N
Mooreto,32,BR,C
Mooreto,33,R,C
Mooreto,34,BR,C
Mooreto,35,R,N
Mooreto,36,B,L
Mooreto,37,G,N
Mooreto,38,B,N
Mooreto,39,R,N
Mooreto,40,Y,N
Mooreto,41,O,N
Mooreto,42,B,L
Mooreto,43,B,N
Mooreto,44,B,N
Mooreto,45,Y,L
Mooreto,46,B,N
Mooreto,47,Y,N
Mooreto,48,G,N
Mooreto,49,O,N
Mooreto,50,B,N
Mooreto,51,B,N
Mooreto,52,B,N
Mooreto,53,R,N
Mooreto,54,BR,L
Mooreto,55,G,N
Mooreto,56,O,L
bishopsm,1,O,M
bishopsm,2,O,C
bishopsm,3,G,M
bishopsm,4,O,M
bishopsm,5,Y,N
bishopsm,6,G,N
bishopsm,7,O,C
bishopsm,8,BR,L
bishopsm,9,B,N
bishopsm,10,B,C
bishopsm,11,G,N
bishopsm,12,O,L
bishopsm,13,Y,N
bishopsm,14,Y,C
bishopsm,15,BR,N
bishopsm,16,BR,N
bishopsm,17,BR,C
bishopsm,18,O,N
bishopsm,19,G,L
bishopsm,20,G,N
bishopsm,21,B,N
bishopsm,22,BR,M
bishopsm,23,O,C
bishopsm,24,O,C
bishopsm,25,G,L
bishopsm,26,O,N
bishopsm,27,G,C
bishopsm,28,O,N
bishopsm,29,G,C
bishopsm,30,O,N
bishopsm,31,R,N
bishopsm,32,B,N
bishopsm,33,B,N
bishopsm,34,B,N
bishopsm,35,B,N
bishopsm,36,B,N
bishopsm,37,B,N
bishopsm,38,B,N
bishopsm,39,B,N
bishopsm,40,B,N
bishopsm,41,B,N
bishopsm,42,BR,L
bishopsm,43,Y,N
bishopsm,44,Y,N
bishopsm,45,Y,N
bishopsm,46,Y,N
bishopsm,47,O,N
bishopsm,48,O,N
bishopsm,49,O,N
bishopsm,50,O,N
bishopsm,51,R,N
bishopsm,52,R,N
bishopsm,53,Y,C
bishopsm,54,Y,C
bishopsm,55,O,C
bishopsm,56,G,N
bishopsm,57,G,C
bishopsm,58,B,C
bishopsm,59,B,C
smith8jd,1,B,N
smith8jd,2,B,N
smith8jd,3,B,C
smith8jd,4,BR,N
smith8jd,5,BR,N
smith8jd,6,BR,N
smith8jd,7,B,N
smith8jd,8,O,N
smith8jd,9,R,N
smith8jd,10,O,N
smith8jd,11,O,N
smith8jd,12,B,N
smith8jd,13,BR,N
smith8jd,14,Y,N
smith8jd,15,Y,C
smith8jd,16,BR,N
smith8jd,17,BR,N
smith8jd,18,BR,N
smith8jd,19,BR,N
smith8jd,20,R,C
smith8jd,21,R,N
smith8jd,22,Y,N
smith8jd,23,Y,N
smith8jd,24,B,N
smith8jd,25,G,N
smith8jd,26,B,N
smith8jd,27,Y,N
smith8jd,28,O,N
smith8jd,29,O,N
smith8jd,30,O,N
smith8jd,31,O,N
smith8jd,32,R,C
smith8jd,33,G,N
smith8jd,34,O,N
smith8jd,35,B,N
smith8jd,36,B,N
smith8jd,37,BR,N
smith8jd,38,B,N
smith8jd,39,B,N
smith8jd,40,B,N
smith8jd,41,B,N
smith8jd,42,O,N
smith8jd,43,O,N
smith8jd,44,O,N
smith8jd,45,O,N
smith8jd,46,G,N
smith8jd,47,G,N
smith8jd,48,G,N
smith8jd,49,R,N
gallagej,1,B,N
gallagej,2,O,N
gallagej,3,BR,M
gallagej,4,BR,N
gallagej,5,G,C
gallagej,6,O,C
gallagej,7,Y,L
gallagej,8,BR,N
gallagej,9,B,N
gallagej,10,R,C
gallagej,11,BR,N
gallagej,12,R,C
gallagej,13,R,C
gallagej,14,B,N
gallagej,15,BR,C
gallagej,16,O,N
gallagej,17,BR,C
gallagej,18,G,C
gallagej,19,O,N
gallagej,20,O,C
gallagej,21,O,C
gallagej,22,G,C
gallagej,23,B,C
gallagej,24,B,C
gallagej,25,R,C
gallagej,26,Y,M
gallagej,27,Y,N
gallagej,28,B,N
gallagej,29,B,C
gallagej,30,B,N
gallagej,31,B,M
gallagej,32,G,N
gallagej,33,BR,C
gallagej,34,B,C
gallagej,35,O,C
gallagej,36,O,M
gallagej,37,Y,N
gallagej,38,B,C
gallagej,39,O,C
gallagej,40,B,N
gallagej,41,O,C
gallagej,42,O,C
gallagej,43,BR,C
gallagej,44,R,C
gallagej,45,B,C
gallagej,46,B,C
gallagej,47,BR,C
gallagej,48,B,C
gallagej,49,B,N
gallagej,50,R,N
gallagej,51,B,C
gallagej,52,O,M
gallagej,53,O,C
gallagej,54,B,N
gallagej,55,B,M
gallagej,56,R,C
wadehp,1,O,N
wadehp,2,B,C
wadehp,3,BR,L
wadehp,4,R,L
wadehp,5,Y,N
wadehp,6,Y,L
wadehp,7,R,N
wadehp,8,B,N
wadehp,9,BR,L
wadehp,10,B,N
wadehp,11,O,C
wadehp,12,Y,N
wadehp,13,B,L
wadehp,14,O,C
wadehp,15,O,L
wadehp,16,B,L
wadehp,17,BR,N
wadehp,18,R,N
wadehp,19,O,N
wadehp,20,O,C
wadehp,21,BR,C
wadehp,22,Y,C
wadehp,23,O,C
wadehp,24,BR,N
wadehp,25,R,N
wadehp,26,Y,N
wadehp,27,O,N
wadehp,28,O,N
wadehp,29,G,N
wadehp,30,O,C
wadehp,31,Y,N
wadehp,32,Y,N
wadehp,33,O,N
wadehp,34,R,N
wadehp,35,R,N
wadehp,36,O,N
wadehp,37,Y,C
wadehp,38,R,N
wadehp,39,B,N
wadehp,40,R,N
wadehp,41,B,N
wadehp,42,B,N
wadehp,43,G,N
wadehp,44,O,N
wadehp,45,B,N
wadehp,46,R,N
wadehp,47,R,N
wadehp,48,O,C
wadehp,49,O,C
wadehp,50,B,N
wadehp,51,O,N
wadehp,52,O,N
wadehp,53,BR,N
wadehp,54,O,N
wadehp,55,G,N
wadehp,56,B,N
Torrenm,1,BR,N
Torrenm,2,B,N
Torrenm,3,G,L
Torrenm,4,G,N
Torrenm,5,R,N
Torrenm,6,O,N
Torrenm,7,Y,N
Torrenm,8,B,N
Torrenm,9,R,N
Torrenm,10,G,N
Torrenm,11,B,C
Torrenm,12,O,N
Torrenm,13,O,N
Torrenm,14,B,N
Torrenm,15,B,N
Torrenm,16,O,L
Torrenm,17,G,N
Torrenm,18,BR,N
Torrenm,19,B,N
Torrenm,20,B,N
Torrenm,21,O,N
Torrenm,22,O,N
Torrenm,23,O,N
Torrenm,24,Y,C
Torrenm,25,BR,L
Torrenm,26,B,N
Torrenm,27,B,N
Torrenm,28,G,L
Torrenm,29,G,N
Torrenm,30,B,N
Torrenm,31,O,N
Torrenm,32,BR,N
Torrenm,33,G,N
Torrenm,34,O,C
Torrenm,35,G,N
Torrenm,36,O,N
Torrenm,37,BR,N
Torrenm,38,O,N
Torrenm,39,B,N
Torrenm,40,Y,N
Torrenm,41,O,N
Torrenm,42,O,N
Torrenm,43,G,N
Torrenm,44,B,N
Torrenm,45,B,N
Torrenm,46,O,N
Torrenm,47,B,L
Torrenm,48,R,N
Torrenm,49,G,L
Torrenm,50,Y,M
Torrenm,51,O,N
Torrenm,52,O,L
Torrenm,53,Y,N
Torrenm,54,R,N
Torrenm,55,BR,L
Torrenm,56,B,N
Torrenm,57,B,L
fox2nd,1,G,L
fox2nd,2,O,L
fox2nd,3,G,N
fox2nd,4,O,N
fox2nd,5,Y,N
fox2nd,6,R,N
fox2nd,7,G,L
fox2nd,8,G,L
fox2nd,9,O,C
fox2nd,10,G,N
fox2nd,11,O,N
fox2nd,12,O,C
fox2nd,13,G,N
fox2nd,14,R,N
fox2nd,15,O,N
fox2nd,16,BR,N
fox2nd,17,BR,N
fox2nd,18,B,N
fox2nd,19,R,N
fox2nd,20,B,N
fox2nd,21,O,N
fox2nd,22,O,C
fox2nd,23,BR,C
fox2nd,24,R,L
fox2nd,25,O,N
fox2nd,26,B,N
fox2nd,27,R,N
fox2nd,28,B,N
fox2nd,29,BR,N
fox2nd,30,BR,C
fox2nd,31,BR,M
fox2nd,32,BR,N
fox2nd,33,B,N
fox2nd,34,BR,N
fox2nd,35,BR,C
fox2nd,36,Y,N
fox2nd,37,Y,N
fox2nd,38,O,N
fox2nd,39,B,N
fox2nd,40,O,N
fox2nd,41,Y,N
fox2nd,42,B,L
fox2nd,43,B,C
fox2nd,44,Y,N
fox2nd,45,Y,N
fox2nd,46,Y,N
fox2nd,47,Y,N
fox2nd,48,Y,N
fox2nd,49,BR,N
fox2nd,50,Y,N
fox2nd,51,B,N
fox2nd,52,B,N
fox2nd,53,B,N
fox2nd,54,G,N
fox2nd,55,B,N
fox2nd,56,Y,N
fox2nd,57,BR,N
mayianmm,1,R,N
mayianmm,2,R,C
mayianmm,3,O,N
mayianmm,4,O,N
mayianmm,5,R,N
mayianmm,6,R,N
mayianmm,7,G,N
mayianmm,8,G,N
mayianmm,9,G,N
mayianmm,10,G,N
mayianmm,11,G,N
mayianmm,12,BR,M
mayianmm,13,BR,N
mayianmm,14,BR,N
mayianmm,15,BR,N
mayianmm,16,BR,N
mayianmm,17,BR,N
mayianmm,18,B,N
mayianmm,19,B,N
mayianmm,20,O,N
mayianmm,21,O,N
mayianmm,22,O,L
mayianmm,23,R,N
mayianmm,24,R,N
mayianmm,25,R,C
mayianmm,26,R,N
mayianmm,26,R,N
mayianmm,27,Y,N
mayianmm,28,Y,N
mayianmm,29,Y,L
mayianmm,30,G,N
mayianmm,31,G,N
mayianmm,32,G,N
mayianmm,33,B,M
mayianmm,34,B,N
mayianmm,35,B,N
mayianmm,36,B,N
mayianmm,37,B,L
mayianmm,38,B,N
mayianmm,39,B,N
mayianmm,40,B,M
mayianmm,41,B,N
mayianmm,42,B,N
mayianmm,43,B,N
mayianmm,44,B,N
mayianmm,45,B,N
mayianmm,46,B,N
mayianmm,47,B,C
mayianmm,48,B,M
mayianmm,49,B,N
mayianmm,50,B,N
mayianmm,51,B,N
Gibbontp,1,O,C
Gibbontp,2,O,N
Gibbontp,3,O,M
Gibbontp,4,O,C
Gibbontp,5,O,N
Gibbontp,6,O,N
Gibbontp,7,O,C
Gibbontp,8,O,C
Gibbontp,9,O,C
Gibbontp,10,O,C
Gibbontp,11,O,C
Gibbontp,12,O,M
Gibbontp,13,Y,N
Gibbontp,14,Y,M
Gibbontp,15,Y,M
Gibbontp,16,G,M
Gibbontp,17,G,N
Gibbontp,18,G,N
Gibbontp,19,G,N
Gibbontp,20,G,C
Gibbontp,21,G,M
Gibbontp,22,BR,L
Gibbontp,23,BR,C
Gibbontp,24,BR,C
Gibbontp,25,BR,C
Gibbontp,26,BR,C
Gibbontp,27,BR,M
Gibbontp,28,BR,M
Gibbontp,29,BR,M
Gibbontp,30,R,N
Gibbontp,31,R,M
Gibbontp,32,R,C
Gibbontp,33,R,C
Gibbontp,34,R,C
Gibbontp,35,R,C
Gibbontp,36,R,C
Gibbontp,37,B,N
Gibbontp,38,B,N
Gibbontp,39,B,N
Gibbontp,40,B,N
Gibbontp,41,B,N
Gibbontp,42,B,C
Gibbontp,43,B,C
Gibbontp,44,B,C
Gibbontp,45,B,C
Gibbontp,46,B,C
Gibbontp,47,B,C
Gibbontp,48,B,C
Gibbontp,49,B,C
Gibbontp,50,B,L
Gibbontp,51,B,L
Gibbontp,52,B,L
Gibbontp,53,B,M
Gibbontp,54,B,M
Potterba,1,Y,L
Potterba,2,R,C
Potterba,3,BR,N
Potterba,4,O,N
Potterba,5,R,N
Potterba,6,BR,C
Potterba,7,Y,N
Potterba,8,G,C
Potterba,9,O,N
Potterba,10,BR,C
Potterba,11,B,C
Potterba,12,B,N
Potterba,13,B,N
Potterba,14,B,N
Potterba,15,G,N
Potterba,16,Y,N
Potterba,17,BR,C
Potterba,18,Y,L
Potterba,19,B,N
Potterba,20,B,N
Potterba,21,R,N
Potterba,22,G,N
Potterba,23,R,C
Potterba,24,O,N
Potterba,25,B,N
Potterba,26,O,N
Potterba,27,BR,N
Potterba,28,B,N
Potterba,29,Y,L
Potterba,30,B,N
Potterba,31,R,C
Potterba,32,B,N
Potterba,33,B,N
Potterba,34,O,C
Potterba,35,R,C
Potterba,36,G,N
Potterba,37,B,N
Potterba,38,B,N
Potterba,39,BR,N
Potterba,40,O,N
Potterba,41,O,N
Potterba,42,B,N
Potterba,43,Y,L
Potterba,44,O,N
Potterba,45,Y,N
Potterba,46,O,N
Potterba,47,O,N
Potterba,48,B,N
Potterba,49,Y,N
Potterba,50,BR,C
Potterba,51,B,N
CHIPIWKB,1,BR,N
CHIPIWKB,2,B,N
CHIPIWKB,3,Y,C
CHIPIWKB,4,B,N
CHIPIWKB,5,R,N
CHIPIWKB,6,BR,N
CHIPIWKB,7,B,N
CHIPIWKB,8,G,C
CHIPIWKB,9,B,N
CHIPIWKB,10,BR,N
CHIPIWKB,11,O,N
CHIPIWKB,12,O,N
CHIPIWKB,13,O,N
CHIPIWKB,14,O,C
CHIPIWKB,15,BR,N
CHIPIWKB,16,BR,N
CHIPIWKB,17,B,N
CHIPIWKB,18,R,N
CHIPIWKB,19,O,C
CHIPIWKB,20,G,N
CHIPIWKB,21,B,N
CHIPIWKB,22,B,N
CHIPIWKB,23,Y,N
CHIPIWKB,24,B,N
CHIPIWKB,25,O,N
CHIPIWKB,26,BR,N
CHIPIWKB,27,Y,N
CHIPIWKB,28,B,N
CHIPIWKB,29,O,N
CHIPIWKB,30,R,N
CHIPIWKB,31,G,C
CHIPIWKB,32,G,N
CHIPIWKB,33,O,C
CHIPIWKB,34,O,N
CHIPIWKB,35,G,C
CHIPIWKB,36,G,N
CHIPIWKB,37,Y,C
CHIPIWKB,38,O,N
CHIPIWKB,39,B,N
CHIPIWKB,40,R,N
CHIPIWKB,41,B,N
CHIPIWKB,42,Y,N
CHIPIWKB,43,BR,N
CHIPIWKB,44,B,N
CHIPIWKB,45,B,N
CHIPIWKB,46,BR,N
CHIPIWKB,47,B,C
CHIPIWKB,48,O,N
CHIPIWKB,49,O,N
CHIPIWKB,50,R,N
CHIPIWKB,51,BR,C
vanarstx,1,B,M
vanarstx,2,O,C
vanarstx,3,B,C
vanarstx,4,O,C
vanarstx,5,BR,C
vanarstx,6,BR,C
vanarstx,7,B,C
vanarstx,8,BR,C
vanarstx,9,B,L
vanarstx,10,Y,C
vanarstx,11,O,M
vanarstx,12,Y,C
vanarstx,13,O,N
vanarstx,14,R,M
vanarstx,15,O,C
vanarstx,16,O,L
vanarstx,17,O,N
vanarstx,18,O,L
vanarstx,19,O,M
vanarstx,20,O,N
vanarstx,21,O,C
vanarstx,22,O,N
vanarstx,23,O,N
vanarstx,24,O,C
vanarstx,25,G,L
vanarstx,26,G,L
vanarstx,27,G,N
vanarstx,28,G,C
vanarstx,29,B,C
vanarstx,30,B,N
vanarstx,31,B,N
vanarstx,32,B,N
vanarstx,33,B,N
vanarstx,34,B,N
vanarstx,35,B,N
vanarstx,36,B,N
vanarstx,37,B,N
vanarstx,38,B,N
vanarstx,39,Y,C
vanarstx,40,Y,C
vanarstx,41,Y,L
vanarstx,42,Y,N
vanarstx,43,Y,N
vanarstx,44,Y,N
vanarstx,45,Y,N
vanarstx,46,BR,N
vanarstx,47,BR,N
vanarstx,48,BR,N
vanarstx,49,BR,N
vanarstx,50,BR,N
vanarstx,51,BR,N
vanarstx,52,BR,N
vanarstx,53,R,N
scholbmj,1,B,N
scholbmj,2,B,N
scholbmj,3,G,N
scholbmj,4,Y,M
scholbmj,5,R,N
scholbmj,6,B,C
scholbmj,7,BR,C
scholbmj,8,R,N
scholbmj,9,O,C
scholbmj,10,O,N
scholbmj,11,O,M
scholbmj,12,B,C
scholbmj,13,R,N
scholbmj,14,B,M
scholbmj,15,O,N
scholbmj,16,O,C
scholbmj,17,B,M
scholbmj,18,B,C
scholbmj,19,B,M
scholbmj,20,Y,L
scholbmj,21,B,N
scholbmj,22,O,N
scholbmj,23,G,C
scholbmj,24,O,N
scholbmj,25,BR,N
scholbmj,26,O,N
scholbmj,27,B,N
scholbmj,28,B,C
scholbmj,29,Y,N
scholbmj,30,B,C
scholbmj,31,Y,C
scholbmj,32,BR,N
scholbmj,33,O,C
scholbmj,34,B,M
scholbmj,35,G,N
scholbmj,36,B,C
scholbmj,37,B,N
scholbmj,38,BR,N
scholbmj,39,BR,N
scholbmj,40,Y,N
scholbmj,41,O,L
scholbmj,42,Y,C
scholbmj,43,BR,C
scholbmj,44,B,C
scholbmj,45,G,C
scholbmj,46,O,N
scholbmj,47,O,C
scholbmj,48,G,N
scholbmj,49,G,N
scholbmj,50,BR,N
scholbmj,51,B,N
scholbmj,52,G,N
scholbmj,53,B,N
